StoreID,StoreName,Label
a03t,盧烤肉,服務
a0bc,小義大利莊園 (彰化員林店),環境
a0br,小川脆皮雞蛋糕-黑糖飲品,美味
a0c8,快樂鳥網路電競館 (彰化師大店),環境
a0dd,食儻生活料理坊,環境
a0dx,豪哥豆花,環境
a0eg,劉記蚵仔煎,服務
a0mp,春日蔬食(素),環境
a0mu,大老闆手作披薩,美味
a0ry,員林肉羹米糕,美味
a0sw,博多拉麵 (彰化員林店),環境
a0ud,宋氏手工舖(創始店),環境
a0uk,Mr.RAMEN豚骨拉麵店 (嘉義店),環境
a0zo,三王藥燉支骨,美味
a13w,珍味水煎包,環境
a1as,阿香小吃 (西大店),服務
a1by,微笑炸雞,服務
a1di,茶穀鐘 (彰化大埔店),美味
a1ft,原北大魷魚糠,美味
a1hv,天利食堂 (彰化中正店),環境
a1iy,野島家咖哩屋 (彰化員林店),環境
a1jq,熊賀茶莊 (嘉義國華店),環境
a1jx,紅燈籠食堂,環境
a1mw,上榮新疆烤肉串 (嘉義民生南店),服務
a1ow,六扇門 (新竹清大店),環境
a1pk,奶爸乳飲．鬆餅專賣店,美味
a1s5,三顧茅廬 (新竹民生店),環境
a1se,貳牛炙燒牛排,環境
a1st,陽光麵線 (彰化員林總店),服務
a1tn,滷匠獨創滷味 (嘉義文化店),美味
a1wa,初素 素食炸物 (嘉義北興店),環境
a1x0,阿宏綠豆沙 (員林中正店),美味
a1yj,舞桔早午餐,環境
a1zm,日出拉麵 (彰化員林店),環境
a2ai,盧廣烤肉 (嘉義文化總店),服務
a2gl,醇滷味 (新竹延平店),服務
a2jk,大食館異國石鍋料理專賣店,環境
a2jp,菓點子 (新竹西大店),環境
a2nd,大盛居 日韓食堂,環境
a2nl,50嵐 (新竹民生店),服務
a2oq,吃早餐 (彰化民生店),美味
a2ra,憶湘埕愛玉店,美味
a2vf,牛小排,環境
a2vw,青秀香菇肉粥 (彰化曉陽店),服務
a2wp,茶聚 (彰化永安店),服務
a2yt,蒸之元排骨酥麵,美味
a2zg,大胖鵝肉,服務
a2zw,紅茶洋行 (嘉市吳鳳北店),美味
a3al,紅麥田炸雞 (嘉義店),美味
a3be,五叔公養生滷味,美味
a3co,初八麵食堂,環境
a3dz,山仔頂甕仔雞,環境
a3fi,阿德現炒,美味
a3jh,古家鹹酥雞,美味
a3jm,橘醬蛋餅,美味
a3mo,韓國館,環境
a3nc,蔗一條豬,美味
a3ni,吃貨小屋-炸饅頭,美味
a3nq,活力精緻早餐店,美味
a3nt,盛食咖哩,環境
a3ny,洪家臭豆腐,美味
a3qo,億大利複合式餐廳,服務
a3v3,台北魷魚焿,服務
a3wg,皇品印度料理,環境
a3xt,晨間廚房 (嘉義文雅店),服務
a3yd,小草然早點 (嘉義軍輝店),服務
a3yj,廣一素食餐廳,環境
a3ze,就是我包子大王,美味
a47x,世賢烤鴨,服務
a4ac,千代子鍋燒專賣店,美味
a4db,(粘)香鬆紅豆餅,美味
a4dp,柳記鹹酥雞,服務
a4dr,看看早午餐,環境
a4ei,Fun Tower. 日式可麗餅,環境
a4ga,HaRu日式手作燒餃子屋,環境
a4gv,圓石禪飲 (嘉義中山店),服務
a4is,正阪橋茶水坊 (彰化南郭店),服務
a4jj,次郎日本料理,服務
a4kc,茶穀鐘蛋餅,美味
a4kh,茶湯會 (彰化彰商店),服務
a4kw,許寶香菇肉羹,美味
a4kz,洪鹹酥雞,環境
a4lk,石頭鄉烤玉米,服務
a4pd,瀧野拉麵、丼飯,環境
a4ps,福星藥頭排骨快炒,服務
a4qe,炸一手鹽酥雞,美味
a4rc,米內瓦之家,環境
a4te,橘町搖搖 (嘉義保安店),服務
a4vt,鹽燒大王,美味
a4wz,乙奉茶堂,美味
a4xa,員味燉品屋,美味
a4xi,親咕韓式餐館,環境
a4xz,鑫皇牛排,美味
a5ap,郭家火雞肉飯 (嘉義仁愛店),環境
a5dp,半畝田北方麵食館,服務
a5ee,傳承古早味油飯,美味
a5ep,螺絲咖啡。茶飲,美味
a5er,彰安豬肉餡餅,服務
a5ew,獅子&貓耳朵,美味
a5fm,洪記食堂,服務
a5fn,品京棧,服務
a5fw,盧媽媽中式早餐,美味
a5jz,小松丼丼 (大埔店),環境
a5kv,大呼過癮 (新竹香山店),服務
a5le,湯虎。食初 (國華店),環境
a5lj,Weight減五磅 (大竹店),美味
a5lp,桃城雞排(中正創始店),環境
a5mf,天仁茗茶 (彰化店),服務
a5mq,六哥古早味烤玉米,服務
a5oy,日日興羊肉 (嘉義旗艦店),環境
a5rc,鄉田牛排,環境
a5rq,馬來老爹,環境
a5tf,鑫現炒,服務
a5tt,發哥黑白切．海鮮．快炒,服務
a5tu,文化路狀元糕,服務
a5vo,雞排中隊 (新竹南大店),服務
a5zf,悠刻早午餐 (嘉義南京店),服務
a6ez,素禎素食,服務
a6gg,三民路排骨酥麵,美味
a6hp,花旦麻麻,環境
a6hv,喜喜茶室,環境
a6jd,大胖土虱攤,服務
a6jp,阿宏炭烤大腸麵線,美味
a6km,原味穀舞飲品專賣店,美味
a6kz,阿志火雞肉飯,服務
a6mt,多而滾滷味,美味
a6mu,陳家美食,服務
a6qd,阿明肉蛋吐司,美味
a6qq,樂樂碗粿,環境
a6tq,霞米苔目拉仔麵,環境
a6tu,嘉讚早餐,美味
a6vu,熊一木瓜牛奶 (彰化員林店),服務
a6xj,大眾第一家鹽酥雞,美味
a6yq,御皇蒸食,美味
a7dx,正方芳CAFE,環境
a7el,巴甜蔬食家廚 (嘉義中正公園店),環境
a7ho,花枝肉羹大碗,美味
a7ku,61手作茶 (嘉義宣信總店),服務
a7lw,日日豆珈琲商行,美味
a7nz,米樂壽司,美味
a7ow,光華愛玉,服務
a7qf,東市【花】杏仁豆腐,美味
a7tr,原味食堂關東煮,服務
a7va,早窩Cafe．Brunch,美味
a7yf,陳聰明沙鍋魚頭美食店,服務
a8az,日出川-鹽麴舒肥餐盒,環境
a8bh,川牛木石亭 (彰化中華店),環境
a8ce,喫早點,服務
a8cj,牛肉麵大王,環境
a8fi,紅火鶴鴨魯飯,美味
a8gv,韓鮮韓國料理,環境
a8kb,民生傳統豆花,美味
a8na,薯職人食品商店,環境
a8pk,綸現炒,環境
a8qk,麻古茶坊 (嘉義民族店),服務
a8us,成龍串烤．鹽酥雞,服務
a8wi,尚好味魯肉飯,環境
a8wv,陶城石頭火鍋,服務
a8zc,爆Q美式炸雞 (嘉義民族店),服務
a9av,和風菜菜日式家庭料理,環境
a9ce,粉寶中西式早午餐,美味
a9ct,玲姐滷味,美味
a9dq,思茶 (新竹新莊店),環境
a9gc,舞奇雞（員林新義店）,美味
a9gl,克里姆晨食 (嘉義店),服務
a9jm,日日裝茶 (彰化員林大同店),服務
a9jz,靜修小籠包,美味
a9lg,小飛象早午餐,環境
a9lm,福記爌肉飯,美味
a9ly,禾籽八斗鴨肉油飯 (彰化自強店),美味
a9mk,阿貴夯雞排,美味
a9mq,48-2飯麵小館,服務
a9nl,渼橘客新鮮果優格專賣店,美味
a9of,小鮮雞鹹水雞 滷味,美味
a9oq,舞天狗,服務
a9qk,嘉義豆奶攤 (嘉義文化總店),服務
a9qv,秀姨炸雞冷飲專賣店 (嘉義新生店),服務
a9su,銅共啊餅 (紅豆餅),美味
a9sz,好哞 HAO MOU,服務
a9tl,橙食漢堡,環境
a9tp,四季自然冰品,環境
a9vn,阿忠牛肉湯,服務
a9vo,華成薑母鴨,美味
a9wa,東門圓環火婆煎粿,環境
a9xc,卓武咖啡,環境
a9xh,清心福全 (嘉義仁愛店),美味
a9xy,租界鹽酥雞/臭豆腐專賣店,美味
a9zf,豪味亭國際茶飲 (嘉義文化總店),服務
a9zt,愛夫夫咖啡ifufucoffee (複合式餐廳),環境
abnt,溪湖阿讚豬腳爌肉飯專賣店,環境
aby9,牟牟TEA (彰化鹿東店),美味
acl0,老牌涼麵 (嘉義林森店),美味
acvv,翔美素食簡餐,服務
ad3z,今生茶記 Lifetime Tea 嘉義站前店,服務
ad6f,忠珍 溫州大餛飩,美味
ad9e,員林爌肉義,服務
adey,阿嬸泰式料理,環境
ae5c,真心茶飲,美味
aed2,春樹豆漿早食,服務
af2v,CoCo都可 (彰化和美店),服務
affu,韓金量新韓式炸雞 (彰化員林店),美味
afyh,胖尊爌肉飯,美味
agap,小玉快炒,美味
agd8,隔壁宵夜 (新竹中央店),服務
ah8k,享稻Enjoy Sushi,環境
ah9i,虎作章魚燒,美味
ahyb,尚蓋青現切水果,美味
aidc,腦丼大咖,環境
aj5e,快樂雞 (新竹延平店),環境
ak80,肉殿堂 (彰化中山店),環境
akl5,08平價快炒,服務
akna,三分春色 (新竹東門店),環境
akxu,來來牛排 (彰化和美店),美味
al0m,點子鹹水雞,服務
al3t,洪家雞肉飯,美味
al65,滇麵過橋米線,服務
aml8,(極)黃燜雞米飯 (新竹長春店),環境
amtk,上上籤吉品涮涮鍋,環境
amy0,朕的嚐粉 (新竹東南店),環境
an17,Morni莫尼早午餐 (彰化辭修店),環境
an5e,阿彤北和牛燒肉,環境
an69,員湘園鴨肉飯 (彰化彰美店),服務
an9n,Aposo艾波索法式甜點 (新竹關新店),環境
anso,餃幸 日本煎餃,環境
anva,冰封仙果 (彰化秀水店),環境
ao19,遠水流人文茶飲 (員林總店),美味
ap9k,圓仔日式關東煮,美味
aq2c,築間幸福鍋物 (彰化華山店),環境
aq3i,承式炒麵炒飯,美味
aqc4,披薩樂 手工披薩,服務
aqk8,覓雪Mixshare手作雪花冰,環境
ari2,冠津烏龍麵 鍋燒,環境
as0q,江滬上海小籠湯包,服務
as2d,NENE CHICKEN (新竹民生店),服務
as6l,竹塹茶飲,服務
atne,小路食堂,環境
atty,親愛的小籠湯包 (新竹南大店),服務
au4y,孫東寶 (嘉義博愛店),環境
auck,極品現打果汁,環境
aujg,愛呷冰本舖,美味
awc4,慕飲客 MNC,環境
awcz,陳記臭豆腐,服務
aws0,尚讚豆花,環境
ax8h,鹿港大頭香牛排火鍋,美味
ay25,老乾杯 (嘉義耐斯王子店),環境
aymh,菇雞菇雞美式炸雞,服務
azpt,小鳳素食自助餐,美味
b0cj,元生補湯,環境
b0cv,勝一美食館,服務
b0dr,私房泰 (彰化永福店),環境
b0gt,隱鍋 (彰化員林店),環境
b0mt,舞醬館,環境
b0pb,喬賣麵#義大利麵,美味
b0pd,大碗公冰·甜品 (新竹中正店),服務
b0pn,綠茶道果汁茶飲,美味
b0pt,唯克咖啡輕食 (員林站前店),環境
b0py,盧記簡速餐,環境
b0qr,御鼎牛肉麵(和美店),環境
b0re,搖滾披薩Pizza Rock (新竹光復店),服務
b0vj,艾咪早餐Amy Breakfast,環境
b0wh,華龍粥,美味
b1cn,帕士噠義大利麵、焗烤 (嘉義光華店),美味
b1hr,雅日本料理,環境
b1po,鼎莊火雞肉飯,美味
b1pu,大立快炒,服務
b1qe,大大滷味,美味
b1ra,食神滷味 (彰化彰美店),環境
b1ww,可味肉乾,美味
b2bi,福井餐廳,環境
b2cy,劉媽媽薏仁養身粥,美味
b2dx,蜀山四川烤魚 (嘉義民生店),環境
b2es,陸柒零年代飲品創始店（嘉義台林分行）,服務
b2iy,異人館 (嘉義大雅店),環境
b2nd,飯漁民食堂,環境
b2yx,職人燒丼食堂,美味
b2yz,頂樓的蕃茄紅了,服務
b2ze,地6攤牛排 (彰化三民店),環境
b36p,咕G咕G塩酥雞,美味
b3ab,無名虱目魚餐車,美味
b3ez,慧心冰店,服務
b3fj,豆豆喝豆漿,環境
b3gm,窗口土司,服務
b3gt,故鄉燒烤熱炒,服務
b3in,金品魷魚羹鮮魚湯,環境
b3km,阿娥手作蛋餅,環境
b3ob,吉祥手作便當專賣店,美味
b3rw,阿誠炸雞,美味
b3up,興南門烤肉,環境
b3yf,阿澄碳烤,環境
b3zc,搖滾披薩Pizza Rock (彰化中正店),環境
b4hg,熊富手打烏龍麵,環境
b4jf,KiKiCoCo手作米米煎&小蝦米碗粿,環境
b4jr,九條牛牛肉麵 (嘉義總店),環境
b4lr,雙寶紅豆餅,美味
b4ls,斑馬豆花 (新竹水田店),服務
b4pf,吳家小吃,服務
b4rs,北方水餃,服務
b4ts,星賀便當,服務
b4xg,江媽媽雞排 (嘉義芳安店),美味
b4yg,薯條哥甘梅薯條 (彰化和美店),美味
b5az,三媽臭臭鍋 (和美和頭店),服務
b5dw,泰之棧雲泰食堂,環境
b5em,美味蔥抓餅,美味
b5ih,蓮鋐中西式素食,環境
b5pa,來客平價牛排 (彰化員林店),美味
b5pf,上禾肉羹,美味
b5rm,熊姐煎餃、麵食,環境
b5rz,依濃-嘉義文化店（原提米可可）,服務
b5xe,蒝味甘梅薯條,美味
b63p,老賴茶棧 (新竹竹科店),服務
b6ao,万丹紅豆餅 (新竹西門店),美味
b6aw,脆皮雞排 (彰化店),美味
b6ax,原新竹假日花市一善牛排,美味
b6cu,永河傳統豆花湯圓 (彰化永安店),美味
b6k9,數一數二碳烤雞排 (嘉義民生店),美味
b6ky,益豪鍋燒專賣店 (彰化民族店),環境
b6ps,李林烤肉之家 (彰化員林店),服務
b6rx,炒飯傳奇,服務
b6se,天香清素食館,服務
b6yu,新榮路米糕(原蘭井街),美味
b6zx,炸擱來鹹酥雞,環境
b7bo,文良師餐廳,美味
b7en,周鱔魚料理,美味
b7ka,大爺鹽酥雞 (新竹食品店),服務
b7uu,幸福義餐家庭美味料理,環境
b7vw,黃橙子早午餐,環境
b7vz,三十張燒烤 (彰化和美店),美味
b7yp,阿涼壽司屋(日式料理),美味
b7zl,舊廚飯廳,環境
b84x,俏媛媛韓式飯捲,美味
b85g,雲朵咬一口 (嘉義南京店),環境
b89e,絕佳食雞 (嘉義民族店),服務
b8a0,有點帥食行,美味
b8a5,三角埔仙草,美味
b8ao,手作功夫茶 (新竹高翠店),環境
b8dj,漁牧丼飯壽司,環境
b8fh,九圓茶行,服務
b8ic,一生懸命 (彰化和美店),美味
b8jw,九千久拉麵,環境
b8ki,STARBUCKS 星巴克 (光復清大門市),環境
b8sz,好運印度餐廳,環境
b8ut,大大平價鐵板燒,服務
b8zl,打貓冰果室,環境
b98o,石一籠 (嘉義光華店),美味
b9dy,老漾,環境
b9gw,許家炸雞腿便當專賣店,美味
b9sv,HOVII Cafe,環境
ba0x,二嫂麵館 (寶雅對面),美味
bab8,好蝦多,美味
baor,車店手工現煮水餃,美味
bb3s,雅舍早午餐,環境
bb64,水餃峯,美味
bbvj,妞妞粥品 (彰化伸港店),美味
bc1g,CHILL DAY鶖茶,服務
bcuw,董事長炸G,環境
bcz1,溪湖饗樂鐵板燒,服務
bd0r,候咖啡,環境
bdbv,NENE CHICKEN (嘉義店),服務
bdyr,大柯車輪餅 (彰化和美店),美味
beq4,波力芙健康餐盒,服務
bfeb,心品茶,美味
bfhg,早安美芝城 (彰化中華概念店),環境
bgaw,豆豆小籠湯包店,環境
bgqb,Mister Donut (嘉義大潤發店),環境
bgyr,咕嚕先生咖喱販賣所,環境
bh57,麗卿陽春麵,服務
bj7u,軍茶 (彰化溪州店),美味
bjbd,午春咖啡雞蛋糕,美味
bk0r,養鍋 (彰化員林大同店),服務
bkae,美國炸雞王,服務
bkf1,八曜和茶 (彰化員林店),服務
bld1,脆嫩雞排,服務
blju,616早餐,服務
blnw,裸色茶啡,環境
blqu,桃城烹茶-古早紅茶,服務
blxd,阿榮師啤酒鴨 (嘉義中正店),環境
bm4y,偶芋手作茶飲、冰品,美味
bmgy,上津豬排飯 (新竹新莊店),美味
bos8,韓今館韓式料理,環境
bpst,白巷子 (中埔後庄店),服務
bqkb,小丸豆製所,美味
br0i,半雞八兩 (員林店),服務
bra0,民國塩酥雞,美味
brhs,紅吱吱 (新竹光復店),環境
bsll,家禾火雞肉飯,服務
bsoa,家玲妹便當(嘉義林森店),服務
bsx3,丰晟小籠包,服務
bsyk,巧味手工鮮肉湯包,美味
bt2x,路邊亭日本料理,環境
btod,三寶麵線 (新竹大庄店),服務
btxg,大彰化永和四海豆漿,美味
bu46,酸奶大獅(嘉義中正店),服務
bu48,Cookie&Tea 熹梯餅乾茶專門店,美味
bugv,Shh！店店,環境
buwh,開心豆花店,環境
bv69,侯老師東石蚵仔煎,美味
bwjt,小米叔喜 (彰化埤頭店),美味
bwtp,三商巧福 (4382和美店),環境
bxc5,三億小吃店,美味
bxev,夏帕義大利麵 (彰化員林店),環境
bz1o,潘番薯地瓜球,服務
c047,STARBUCKS 星巴克 (嘉義市府門市),環境
c0c9,一切好拌,服務
c1j4,鄉味雞肉飯,美味
c20q,五桐號 WooTEA (彰化二林店),服務
c214,粥公麵婆 (彰化彰南店),環境
c22e,阿廷當歸鴨,美味
c25c,澎湖鮮味亭,環境
c2bw,仁愛麵店,美味
c3hh,微笑71,美味
c4ib,烤當家碳烤,美味
c4kx,胖加麵包(彰化自強店),環境
c4ms,觀世音素食,美味
c4nf,NU PASTA (家樂福嘉義店),環境
c4zl,口福素食 (彰化社頭店),環境
c5bh,瑪露連 (新竹武昌店),服務
c5nn,一豆狀圓 (鹿港復興店),美味
c5w1,炳叔烤玉米 (新竹城隍店),美味
c6nt,花壇林記排骨飯,環境
c6sj,深海土魠魚羹 (西大總店),美味
c6ug,瑞龍鹽酥雞,服務
c72h,財記筒仔米糕,美味
c7ce,米兔炸雞,美味
c7dz,逗陣呷早,美味
c7jz,漢堡大師 (二林建國店),美味
c7ph,七悅雨,服務
c7qb,香豪肉粽,美味
c985,義食．Eat,美味
c9ju,登豐美食-食餓食堂,美味
c9m0,成家肉粽大王,美味
c9ph,小心雞鹽水雞,美味
c9pu,鑫食堂關東煮,服務
c9w5,崇文錦魯麵,服務
cay7,建良鵝肉,環境
cb42,花林煮藝美食坊,環境
cc72,至尊脆皮臭豆腐,美味
ccai,崇實早午餐,環境
ccdi,代表娘大腸麵線,美味
ccdq,南京烤鴨,美味
cclt,金棧快炒,服務
cdl5,斑鳩的窩 (嘉義博愛店),服務
ce1g,花羡沐嵐 (嘉義仁愛店),美味
ceni,ㄆㄨㄆㄨ鼠雞蛋糕,美味
cf03,酒呢？串燒,美味
cfp3,辦桌麻辣燙 (北區嵐湘店),環境
cfrv,信義飯糰早餐車,美味
chbq,燄壽司,服務
ci9r,CIBO義麵,美味
cjo3,福寶甜品專賣店,美味
cjtc,岩語茶 (新竹東南店),美味
cl68,池上木片便當,美味
cl85,寶香素食自助餐廳,服務
clou,黑記東山鴨頭,服務
cm0h,日十。早午食 (彰化自強南店),環境
cm2s,甘泉魚麵 (嘉義仁愛店),環境
cm38,暮牧MUMU早午餐,環境
cmsx,補川食堂,環境
cnju,炸鷄大獅 (新竹武昌店),服務
co3x,一方軒炒飯炒麵 (彰化花壇店),美味
cpfs,島津和牛咖哩 (新竹關新店),環境
cpjx,滑龍粥 (新竹光復店),美味
cpwy,樂檸漢堡 (東區關新門市),環境
cq9g,巫記廣式腸粉,美味
cqrj,大口吐司,環境
cqu8,麵麵聚道大餛飩,環境
cr6q,蔡氏烤鴨,服務
crbh,達美樂Domino's (嘉義博愛信義店),服務
crjt,熱亭燉品屋,美味
cswp,呷尚寶 (彰化伸港店),服務
ct0v,暮暮製所早午餐,環境
ct66,小佐お茶作 (東區馬偕店),服務
ct6e,雞不厭炸,服務
ctv8,巴美食堂,環境
cu6j,小可越南小吃店,環境
cv86,向陽早餐村,環境
cvnr,酷比食堂,服務
cxl4,豪傳說雞排 (彰化師大店),環境
cy4k,大來燒臘店,環境
cz8w,SUBWAY (彰化中華店),服務
czfz,19.5 Tea (嘉義旗艦店),服務
czli,一品專業蔥抓餅,美味
d0di,墨哥慢速食,環境
d0kq,豪記快餐,服務
d0pn,眷村大媽麵食館,服務
d0yo,老上海臭臭鍋(和美店),環境
d18c,姍不嘸食巷口美食,環境
d1ay,一手私藏世界紅茶 (嘉義民族店),環境
d1cv,大基隆花枝焿小吃店,服務
d1fw,上順小館,環境
d1hx,冰鑽8,美味
d1lb,和美眼鏡鹹酥雞,美味
d1qr,腐頭幫炸饅頭,美味
d1uq,呷味先小吃店,環境
d1vr,砰砰雞 (彰化和美店),美味
d1xd,源初燒肉屋,環境
d21n,盧卡司炸肉片,環境
d24o,好運來牛雜麵食館,美味
d2bt,初食拉麵,環境
d2gr,Mister Donut (員林大潤發店),服務
d2hc,謝記牛肉麵店,美味
d2mp,努逗風味館 (嘉義維新店),環境
d2mw,滷嚼色,美味
d2td,丸山拉麵,服務
d2ub,阿美炸雞 (嘉義總店),服務
d2vt,東門万丹紅豆餅,環境
d2wh,弘爺漢堡 (嘉義民愛店),服務
d2ws,i王牪 (彰化員林店),環境
d2xx,角屋拉麵,環境
d34z,這裡有家牛肉麵,環境
d3dl,梁社漢排骨 (嘉義仁愛店),環境
d3ej,吳記雲南美食,環境
d3gk,士林生炒花枝 (彰化金馬店),服務
d3ir,和美尤鹽酥雞大王,美味
d3jo,好客燒肉鮮酒屋,美味
d3js,TEATOP 第一味 (員林靜修店),服務
d3pl,犇頂牛排 (嘉義彌陀店),環境
d3rq,義式88杯麵(員林總店),服務
d3tc,福客來披薩,環境
d3yk,陽光活力早午餐,美味
d45y,Neko 奶酥厚片,環境
d4cm,豆豆之家(豆花),環境
d4in,炸炸屋,服務
d4lq,雲之泰泰緬料理 (彰化線東店),服務
d4nh,胖老爹美式炸雞 (員林萬年店),美味
d4nk,麥當勞 (S175 新竹中正店),環境
d4nq,OWL COFFEE 貓頭鷹咖啡,環境
d4oo,什麼茶? (彰化和美店),美味
d4qa,什麼鍋,環境
d4zp,全師傅美食創意料理館,環境
d5df,春陽茶事 (新竹巨城店),服務
d5ek,艾糖的店-花蓮炸蛋蔥油餅,美味
d5ld,光華魷魚羹,服務
d5mr,123熱炒食堂,美味
d5ng,小順豐義式焗烤 (彰化和美店),美味
d5pe,聚饕飯糰早午餐,環境
d5rp,沐森咖啡,環境
d5tp,沒關西關東煮,服務
d5uj,海瑞摃丸食堂,美味
d5xr,Mister Donut (新竹巨城店),服務
d6aw,古早亭仙草甘茶 (彰化和美店),環境
d6bx,DUEN Thai 泰式海鮮小吃,美味
d6cx,小如麵食館,服務
d6jy,真好味麵食館,美味
d6ok,札凳手作早午餐,環境
d6uw,阿奇師鹽酥雞王,服務
d6vh,蔡家蔥抓餅,美味
d6wj,超吉飯桶 (彰化和美店),服務
d7bf,樂芙雞蛋糕,環境
d7cg,台灣寶島麵線站,服務
d7nh,Mini蘪秜廚房,服務
d7np,榮記鮮果茶飲 (原另果),服務
d7pc,川越茶飲,美味
d7tr,六之壹複合式餐飲店,環境
d7uw,狀元廣東粥 (彰化員林店),美味
d7xi,我家麵店,服務
d7xs,圓環火雞大王,環境
d7xt,林家火雞肉飯X麻油雞飯,美味
d8cx,隱燃燒肉丼食堂,環境
d8id,粥年慶,服務
d8nz,達達印度料理 Burans Indian Kitchen,環境
d8ra,熊愛吃鍋燒意麵,美味
d94f,豐茗樓港式點心,服務
d9j6,極速特區網路美食館 (彰化北斗店),環境
d9jf,老爹陽春麵,美味
d9rj,豆奶伯中西自助早午餐,美味
d9sf,水巷茶弄 (彰化民族店),服務
d9ul,食點子麵館,環境
d9wk,阿胖食堂,美味
d9wz,柏陞鹽酥雞,服務
d9xr,高關紅豆餅 (新竹西大店),美味
daiq,阿水師魚翅羹,美味
dax6,小椿莊,環境
dayf,加顆蛋早午餐 Eplus CAFE’,環境
dbzy,天食鍋燒 粥專賣,美味
dd1n,愛吃麵,環境
ddyp,料鐵哥醬燒鐵板燒 (彰化和美店),服務
de1n,阿宣越南小吃,美味
de9m,公園前串燒 (新竹埔頂店),環境
dee8,拾覺 (嘉義民生北店),服務
dens,新巧味肉圓,環境
dfb1,員炙燒肉丼,環境
dfx8,樂平,服務
dfyt,北巡東山鴨頭,服務
dgs7,麵線糊了 (彰化溪湖二店),服務
dh2f,亞曼達義大利麵,環境
dh9t,Louisa 路易莎 (嘉義博愛店),環境
dhd0,魚池新語 (嘉義興業店),服務
dhi4,和記麻辣食堂,美味
di9e,Buddy Burger Lab.,美味
djjr,焱林鐵板料理,服務
dk17,歐巴海苔飯捲,環境
dliz,超鮮,美味
dm0t,5號。雞蛋糕,美味
dmgu,國王的茶 (彰化埔心中興店),服務
dmih,小叔烤肉飯,美味
dml8,泰飽爺-泰式平價料理,服務
dn40,波奇輕食館,服務
dn50,惹鍋 (彰化員林店),環境
dn7y,串串雞蛋糕 (彰化員林店),美味
dnkb,唯仔魷魚羹麵,美味
dofp,上豐水餃 (彰化員林店),美味
dogz,佶昌小館,美味
doli,8鍋臭臭鍋 (嘉義民族店),環境
dp0s,眷村寧波麵食,美味
dp4h,星火咖啡輕食,環境
dp8v,安安3號店,美味
dpb0,澄食晨食 (員林員東店),環境
dpfi,奶熊複合式茶飲,美味
dpvt,職人雙饗丼 (新竹關東店),服務
dpxm,顏太煮奶茶 (彰化埔心店),環境
dqf4,玥達人手作可麗餅 (嘉義東門店),環境
dqjo,銘-生炒鴨肉羹,服務
drt2,小原牛排,美味
dtva,張奶奶的私房菜,美味
du04,兩兄弟甜甜圈雙胞胎,美味
du99,東街日本料理 (新竹民生店),環境
dv8w,胡麻將爌肉飯,美味
dx6q,福勝亭 (民族店4769),環境
dxfc,食六早午餐,服務
dxul,木杉食堂,環境
dyxc,三津制麵 (彰化員林店),環境
dz8s,牛埔豆花&油飯,美味
e049,菓蔬輕蒔坊,美味
e07j,潮極蔬勾eat,環境
e0jh,麥味登 (新竹經國店),環境
e0jm,嘉義公園古早味麵食,環境
e0xg,嘉大現炒專賣店,美味
e0ym,美麗果,環境
e0yq,紅燈籠臭豆腐,服務
e1lr,塔帕司 T.pas早午餐,環境
e1od,茶湯會 (西大遠百店),服務
e1oi,龍富專業牛排,服務
e1qw,清記冰菓室,環境
e1uk,大王滷肉飯,美味
e1vb,原巷口關東煮,服務
e1vh,辣妹鹽酥雞,美味
e25z,三姐妹早餐店,美味
e2ao,北方大陸餅 (新竹竹蓮店),服務
e2by,斑馬騷莎美義餐廳 (新竹民族店),環境
e2ct,夜排檔熱炒,服務
e2fs,碳烤地瓜美味餡餅,美味
e2jr,cama café (彰化彰基店),環境
e2tv,太空總薯 (新竹光復店),環境
e2vc,cama café (新竹巨城店),服務
e2wo,小確幸炸飯糰,環境
e2ye,福臨雞肉飯,服務
e3ug,四季臭臭鍋,服務
e3wy,日出茶太 (新竹站前店),服務
e40p,追咖喱,環境
e419,didi海鮮粥,服務
e4ii,竹光便當,美味
e4ne,阿郎小吃,美味
e4oy,科學園小吃,環境
e4rd,店小二 (嘉義南京店),環境
e4rt,早安美芝城 (新竹北大概念店),環境
e4wz,Bon Bon Sweet,環境
e4yk,炸的塩酥雞,服務
e5dm,太蝦活蝦料理/串燒,服務
e5ls,BAGEL貝果義大利麵 (彰化和美店),環境
e5my,大廚子,美味
e5tk,大冰果汁屋 (新竹西大店),服務
e62w,阿姑米糕,環境
e6ef,唯饕獨尊加熱滷味,美味
e6hh,清心福全 (員林中正店),服務
e6if,夏綠蒂雪花冰 (新竹巨城店),環境
e6nu,三顧茅廬 (彰化孔廟店),美味
e6nx,阿忠意麵 (老店),服務
e6tq,一三食,環境
e6ve,頂好馨臭臭鍋 (彰化店),服務
e78m,飯丸屋(嘉義公明店),環境
e7fr,希拉歐式輕食餐廳,環境
e7ia,俏王妃美式炸雞 (新竹南大店),美味
e7ki,韋媽健康炒飯麵 無味素料理,美味
e7nh,賞口飯,服務
e7qu,荳荳龍義大利麵/燉飯/焗烤,美味
e7t9,3廠鹽酥雞 (大庄店),美味
e818,大河屋 (嘉義遠百店),環境
e8aw,大埔鐵板燒 (彰化金馬店),服務
e8cb,古拉爵 (新竹迎曦店),環境
e8cd,正味肉蛋吐司,環境
e8ly,台北永和豆漿大王 (新竹南大店),美味
e8oa,小醬.古早麵.臭豆腐 (彰化員林店),環境
e8vt,一品燉湯 (彰化員林店),服務
e8wk,汏腸圈總店,環境
e9ox,爆Q美式炸雞 (新竹中華店),服務
e9rn,好麵熟牛肉麵,服務
e9vm,超吉飯桶(嘉義店),環境
e9wa,中正台鴨肉麵,服務
e9yz,將太壽司 (嘉義民族店),美味
ealv,媚子藕粉冰粉,服務
ebhj,森晴餐盒,環境
ebko,陳家古早味麵食館,美味
ebvu,淺井壽司,美味
ec14,早安有喜 (彰化員林店),環境
eddx,超好吃鹹酥雞cocky,服務
edob,別有洞天咖啡莊園,環境
ee70,LOCAL‧TEA 24H,環境
eecs,九天玄女烤鮮蚵麻油雞,服務
eew0,駱先生義大利麵 (彰化伸港店),服務
efbz,阿琴健康素食,服務
efpa,金福越式河粉 (新竹北大店),環境
efyr,蝦霸王泰國蝦,美味
eg80,來嗑便當,美味
egdo,五味臭豆腐,環境
ehy0,樂亭平價料理,環境
eiri,肴饌池上便當,美味
ejda,阿宏的店,服務
ejr1,劉師傅雞腿大王,環境
ek75,拾汣茶屋 (嘉義文化店),美味
en4i,風味情養生早餐,美味
ep1o,星期二美式漢堡,美味
eq4s,元爵味黃燜雞米飯 (新竹食品店),環境
eq7r,馬蔥餅 (新竹延平店),環境
eq9k,鼎香無骨鹽酥雞,服務
eqkb,Q Burger 早午餐 (彰化秀傳店),環境
eqnc,夏日蝦舖,美味
eqoa,鐵三角吐司專賣 (東南總店),服務
eqtj,永記牛肉麵,服務
es4l,綠野仙蹤,環境
esh0,嗄嗄叫鐵板燒,環境
eu8c,幸福找餐,服務
eusl,bb.q CHICKEN (新竹巨城店),環境
evgx,芒果遇到冰 (新竹城隍店),環境
evne,翁記滷肉飯(新竹牛埔店),服務
ew6z,員濃豆漿 (彰化員農店),美味
ewgn,福客來牛肉麵 (彰化永安店),環境
excs,楊桃伯 (彰化東民店),美味
exgy,一律賀嫻水雞,美味
exh7,福徠鴨新台式烤鴨 Fu duck in (西大店),服務
ey0l,炸鷄大獅 (彰化二林店),服務
ezew,健康那件小事 (嘉義中山店),服務
f09r,熊愛呷便當,美味
f0at,台北小籠包 (彰化鹿港店),美味
f0df,榮記客家湯圓,環境
f0g6,赤城燒肉,美味
f0hn,米堤爾咖啡輕食坊,環境
f0kj,弘爺漢堡 (新竹五十厝店),環境
f0od,懷舊列車鐵路便當,環境
f0oj,大苑子 (鹿港中山店),服務
f0rz,鹿霸鍋燒意麵,美味
f0sb,原茶original Tea Shop,美味
f0sj,三國饌鴛鴦麻辣鍋 (嘉義鼎神店),環境
f0sp,Meet小鹿脆皮雞蛋糕,美味
f0sv,甘老味幸福牛肉麵,服務
f0ve,夏米廚房,環境
f0xb,皇品牛肉麵 (彰化彰美店),服務
f1b3,檠子奇咖啡鬆餅,美味
f1gq,汁液型男,環境
f1jh,僑記刀切麵食館 (新竹金山店),環境
f1ph,蒸鄉佛跳牆,美味
f1tf,燒瓶子。大肆の鍋 (嘉義店),環境
f1tj,德薏素食,服務
f1ub,田園燉品屋,美味
f1xa,煎臣吳三粿,美味
f20p,一品炘,服務
f2b0,早安安妞,環境
f2cd,八鷹料亭,環境
f2np,横浜家系ラーメン拉麵家,環境
f2yb,鹿港阿道,環境
f2zv,新四季牛肉麵 (新竹林森店),美味
f38z,POKE TW夏威夷蓋飯,環境
f3el,阿平臭豆腐,美味
f3em,東海小確幸 (彰化鹿港店),美味
f3gx,好鮮屋鮮食茶飲,美味
f3hx,吳鳳鹹水雞,服務
f3or,皿富器食,環境
f3pp,Krispy Kreme (SOGO百貨新竹店),環境
f3vb,萬佳鄉,服務
f3wh,感恩芋冰城 (鹿港復興店),環境
f4ae,成功牛排 (嘉義興業店),環境
f4al,Friendy Pizzeria,環境
f4fe,買辣麻辣燙 (彰化鹿港店),美味
f4hp,米度日式咖哩,環境
f4ku,比比牛排 (彰化員林店),環境
f4la,莊排骨飯 (福興員鹿店),服務
f4pi,茶解渴Tjk,環境
f4tx,紅葉牛排 (嘉義友愛店),環境
f4xc,億品鍋 (嘉義店),服務
f5bv,沐楽 手作。,服務
f5bx,恰恰平價牛排,環境
f5c9,晴陽冰果室,美味
f5g0,圓木嫩仙草 (彰化民族店),服務
f5g9,鼎味炭火薑母鴨.酸菜白肉鍋（彰化店）,服務
f5jk,3米鍋物,服務
f5jw,雙醬咖哩 (彰化店),環境
f5mr,綠巨人水果百匯,美味
f5ms,簡單生活 (新竹中正店),環境
f5si,爸爸義大利麵,環境
f5tm,吳家麵店,環境
f5ud,二月牌沙茶爐/海鮮蒸塔 (新竹東光店),環境
f6bw,員湘園 (彰化鹿港店),服務
f6co,珍北平豬肉餡餅 (花壇彰員店),美味
f6dg,豫琴經典麵食館,美味
f6dj,五國真湯 (彰化延平店),服務
f6id,發現大餅,美味
f6jj,小嶋鳥燒居酒屋,環境
f6kq,Louisa 路易莎 (彰美店),環境
f6po,愛丹早午餐,美味
f6pq,多那之 (彰化和美店),環境
f6vz,玾漢堡早午餐,環境
f6wr,黑頭碗粿 (中正店),環境
f7cw,八鮮鍋海 (彰化鹿港店),環境
f7di,佳林鐵板燒,環境
f7ia,草之堂中西式素食,服務
f7jw,十米現做,環境
f7lf,福記牛肉麵,服務
f7mm,嚮茶 (彰化鹿港店),服務
f7po,辣訣 (嘉義新民店),環境
f7ua,STARBUCKS 星巴克 (鹿港門市),環境
f7ug,すき家 Sukiya (新竹站前店),服務
f7uh,少爺愛炒飯,服務
f7wu,巧巧小肉粽店,美味
f8ac,好室鍋物 (彰化店),環境
f8ew,滷賓花,服務
f8fq,鹿鼎紀三色湯圓,美味
f8gp,櫃啡茶-咖啡茶飲,美味
f8op,七葉平價牛排,環境
f8ou,一品鴨肉麵 (新竹東光店),美味
f8ow,櫻之屋日本料理,環境
f8u3,廟口榮記當歸鴨,服務
f8uq,皇朝串燒炸物,服務
f8vj,亞薩漢堡 (彰化花壇店),服務
f8yf,一鳴義式餐廳,環境
f96p,雞房重地脆皮鹹水雞 (去骨竹科店),環境
f992,鮮鍋閣,環境
f9dx,爌肉呆,美味
f9em,有樹早餐 YOSHI BRUNCH,環境
f9md,孫記燒餅油條,美味
f9my,茗沏手作茶飲 (彰化鹿港店),美味
f9n9,碳少年,環境
f9nr,岩植YANZHI(嘉義民權店),環境
f9p4,美樂福炸雞 (彰化花壇店),美味
f9pi,甲一牛排,服務
f9s6,希希丁飲品專賣,環境
f9sv,蹦啾鮮奶雞蛋糕,服務
f9yl,玖肆捌灶咖炒泡麵/炒飯/蓋飯,服務
f9zi,奎哥鍋燒意麵,美味
fa6v,馬祖奶茶 (嘉義民生北店),美味
fauu,食味堂鍋燒專賣店,環境
fax2,就是要甜甜圈,美味
fb3n,拉亞漢堡 (嘉義興達店),環境
fc9d,竹美私房料理 (新竹田美店),環境
fdf6,朱氏披薩,環境
fdg6,好饌便當店,美味
fdss,新悦花園酒店 (頤粵軒),環境
fdsu,九月初生乳脆皮甜甜圈 (彰化彰基店),美味
feeh,上畝食堂,環境
feym,森鱻刺身專賣,環境
fezf,多多蔥肉餅,美味
ffv0,允發美式炸雞,環境
fge0,微楓早午餐 (嘉義宣信店),服務
fgkq,板燒蛋餅 (彰化頂番婆店),美味
fgr2,愛町大阪串炸,環境
fgtx,老蕭麵館,環境
fhie,哈牛排,服務
fihm,泰貓了,環境
fils,天雲扁食 (竹蓮店),服務
fina,A Bao house(新竹忠孝店),環境
fj08,慢慢蛋雞蛋糕（嘉義民權店）,環境
fj58,你好papaya 木瓜牛奶 (新竹店),美味
fk2h,好棒棒小吃,服務
fkbp,鄉間小辣,美味
fl0p,夏果子-派對系鮮果飲品 (嘉義中山店),環境
flz1,洵香麻辣燙 (嘉義新生店),環境
fm3i,迷客夏 Milksha (嘉義文化店),環境
fnh6,二葉食の館,美味
fnkg,有間烤肉,服務
fnvw,悟饕池上飯包 (彰化彰美店),服務
fnwg,中華鍋貼 (彰化員林店),服務
fp6w,漢堡大師 (新竹竹科店),服務
fphk,TRUEWIN初韻 (新竹南大店),服務
fphy,金仙蝦捲飯 (彰化民族店),環境
fqko,五花馬水餃館 (嘉義大雅門市),環境
fr3q,越好飯館,環境
fr56,太記食堂,環境
fs9b,Tea's原味 (嘉義向榮店),服務
fsfy,阿惠冰店,環境
fslm,后宮客棧,美味
fsmc,懷舊蚵嗲炸粿,美味
fu7k,G-POWER職人炸物 (新竹林森店),環境
fueo,老客馥粥品 (彰化田中店),美味
fuu7,晨食找餐,環境
fv5g,杜蘭小麥義大利麵、燉飯,環境
fvgg,嚮日咖啡Sunward Coffee,環境
fvqv,小不點可麗餅,美味
fvv8,湘廚小館,服務
fvzm,二良脆皮烤饅頭 (彰化員林店),美味
fw4o,沐白小農 (員林新生店),服務
fw90,丹丹香蔥油餅 (彰化伸港店),服務
fx4r,LOKAL樂卡咖啡 (新竹關新店),美味
fxgs,嘉之味,美味
fxss,胖焗平價焗烤,環境
fxtl,舒舒G,美味
fxzs,私房小館 炒飯 果汁,服務
fykh,嗨蛋餅,美味
fz4u,老東家素食,服務
fz7t,饕牛台南溫體牛 (新竹店),服務
fzpq,双十八木 (嘉義民族門市),服務
g061,蝦女人海鮮料理,美味
g0jh,酒神-無骨鳳爪,美味
g0wx,黎記麵食館,美味
g1kb,辛鮮串串 (嘉義仁愛店),服務
g1ki,吳家紅茶冰 (新竹中正店),服務
g1oh,ATE肉蛋吐司&吐司肉蛋捲,美味
g29x,SUBWAY (嘉義站前店),環境
g2c1,柳家紅油抄手,美味
g2hi,好蝦食堂,環境
g2j2,福伯徊香麵線糊,美味
g2np,夾泰-泰式滷味,服務
g325,采弘水煎包,美味
g34j,王阿松拉仔麵,服務
g3bc,三步午食麵館,環境
g3bg,嘉仁鮮物日式定食,環境
g3gz,拉亞漢堡 (北斗文苑店),環境
g3uv,華成台南擔仔麵,美味
g4bx,咔滋起司雞排,美味
g4dz,阿全爌肉飯,美味
g4lw,北斗魏早點-古早味蛋餅,服務
g4or,耐肯專業炸雞 (彰化福興店),美味
g56z,肥仔龍無煙鐵板燒,服務
g5di,1208燒烤,環境
g5fz,联亭泡菜鍋 (彰化永安店),環境
g5uy,廣鴻燒臘自助餐,服務
g636,熊霸.串燒.鹽酥雞（林森店）,服務
g64p,三形究藏,環境
g6eh,呷尚宝 (彰化僑信店),服務
g6gj,讓雞添牙 (嘉義北興店),環境
g6m7,實踐路廣東粥,服務
g6rw,斑鳩的窩 (愛買新竹店),服務
g6sw,圓味壽司 (新竹中正店),服務
g6x1,好豐富海鮮麵,美味
g71k,大味軒燒餅專賣店,環境
g7bd,台泰風味館,環境
g7bg,蕭家紅茶本舖,環境
g7jl,唐太盅養生燉品甜湯 (彰化中正店),環境
g7mt,玉珍小吃店,美味
g7qg,岐也紅茶 (新竹金山店),服務
g7x2,甜甜向上 (溪湖地政店),美味
g8be,金陵炸雞,服務
g8id,黃記蛋餅店,美味
g8wq,家鄉牛肉麵 (彰化秀水店),美味
g8wu,義大披薩,環境
g8yv,新竹玉龍肉圓(中和店)近天公壇,服務
g9kz,眼鏡大叔の米食研究所,服務
g9l7,NN奶酪,美味
g9px,神鼎臭臭鍋 (彰化北斗店),服務
g9uw,鹿港圓環頂麵食館,環境
g9wo,水雲朵DrinkStore (彰化曉陽店),環境
gaax,茶米湯(嘉義民權店),環境
gat7,姊妹小吃,環境
gav6,葉明致 (嘉義公明店),環境
gb2d,南勢街腳庫飯 (員林莒光店),美味
gb6r,魚虎之家,美味
gcra,金記椒麻雞飯,美味
gd27,天野夯Bar,美味
gde8,立晉傳統豆花,服務
ge3i,找餐店brunch (新竹經國店),服務
ge6l,招柴莉莉雞蛋糕+關東煮,美味
ge89,心食上 現代飲食,環境
geb1,南洋小館,環境
gecu,古早味米糕食堂,美味
gefu,韓一館,美味
geg9,街巷Coffee&Restaurant,環境
gen2,新北平餐廳,環境
gftj,竹塹小吃,美味
ggee,香腸世家,環境
ggp9,一品煊,服務
gheg,濃淳金茶,環境
ghwf,樂玩精品咖啡 (新竹竹科店),環境
giec,將淋,環境
gipp,呷尚寶 (嘉義台林店),服務
giut,出櫃 (彰化二林店),服務
gjc0,黃師傅蛋包飯,服務
gkcb,滿大碗滷味專門店 (新竹南大店),環境
gkmm,岬島咖啡廳,環境
glki,壹等葉-臺灣牛肉麵（文化公園店）,服務
glmd,食NiNi Brunch,服務
gmq7,展新牛排,美味
gn50,正香滷味客棧,環境
gnh6,赤甲雞排 (彰化二林店),服務
gntd,舊市府鹽酥雞,服務
goif,麥番樂烤肉 (嘉義民生店),美味
gplv,樂米稻,環境
gpww,茹菓Brunch,環境
gpzc,奈良咖喱本舖 (彰化家樂福店),服務
gq5m,北興榕樹下冰攤 (嘉義義教店),服務
grfv,有福郭記餡餅,服務
gsm4,大回香鹹酥雞 (彰化社頭店),美味
gtnc,OLa你好早午餐,服務
gv6k,好食•健康弁當,服務
gvdx,二鍋頭東山鴨頭 (彰化北斗店),美味
gvw0,歌神鹹酥雞,美味
gw6c,1+雞蛋糕,服務
gwxy,小石鍋 (嘉義仁愛店),環境
gwyd,Giuting,美味
gwzj,茉燒まやき,服務
gyb3,吉香便當,美味
gyct,素食園,環境
gyxw,點食成津,美味
gyyn,浮水印牛排館 (彰化鹿港店),環境
gzhn,海之味傳統小吃,美味
gziq,樂心料理 (新竹集和店),服務
h07w,好香香麻辣鴨血臭豆腐,服務
h0hw,給給茶記,環境
h0nw,滿座食堂Full House,服務
h0wx,豬貴妃 (彰化大埔店),美味
h10t,厚一點雞排專賣店 (嘉義總店),服務
h14l,正岡山羊肉綜合料理,服務
h18v,川堂讚岐烏龍麵,服務
h1dt,盈亮冰品,環境
h1tv,肉肉食煎,環境
h1ue,琳琳異國美食,環境
h1uq,二水黑糖冰、小火鍋,美味
h1zg,吃得巧海苔飯捲 (彰化田中店),服務
h244,野餐，日 (彰化彰基店),環境
h2ad,慶園廣東粥,服務
h2is,元祖林魷魚羹,環境
h2ot,麒麟鹿 KiiLinLu,美味
h2se,紅竹現炒,服務
h2vm,八方雲集 (永靖瑚璉店),環境
h3ad,小時厚牛排 (新竹經國店),環境
h3e9,好鄰居牛排,美味
h3ea,魔王狂爆雞排(民生南店),環境
h3t4,正宗韓國館,服務
h458,好味雞肉,環境
h4et,上宇林 (新竹大庒店),服務
h4p4,金喜屋 (嘉義文化店),環境
h5nd,流口水豆乳雞 (彰化花壇店),美味
h64f,杏福の滋味 (彰化精誠店),美味
h6ge,大象黑白切,美味
h6je,品安美食館,服務
h78c,LOKA樂咖湯咖哩,環境
h7ez,黑沃咖啡 (嘉義中山店),環境
h7ki,大新竹永和豆漿,服務
h7la,新上海小籠湯包,美味
h7qv,泥巴水_咖啡_甜點,環境
h89s,桌聚複合式桌遊,環境
h8bo,仙草仙飲,美味
h8zb,花媽水煎包,美味
h9kf,兜圈咖啡Brunch&dessert,環境
h9le,小木屋蔥抓餅炒泡麵,美味
h9nk,回味燒臘快餐 (彰化和美店),服務
h9pm,鼎昇鍋燒麵（溪湖店）,美味
h9zy,安南品河粉 (彰化員林旗艦店),環境
ha5e,心丼食嗑,環境
hac6,一品台南牛肉湯,環境
haj0,星期天飲料店,美味
hb0r,苜見手工苜蓿芽捲 (嘉義仁愛店),美味
hbt8,開心點鹽酥雞,美味
hc45,晨食好,環境
hdt4,國王企鵝冰品專賣店,環境
he6m,黑白早餐屋,環境
hegy,莊記豬腳飯(ㄚ美茶棧),美味
hf0e,鹿水谷堂 (鹿港民族店),服務
hfnc,擼串ㄦ,服務
hg4z,紅牛鐵板牛排,環境
hhbd,阿傅哥沙茶羊肉炒麵,美味
hhh4,泡麵食堂 (彰化員林店),環境
hhqi,一一茶坊,環境
hht9,古丁 (嘉義博愛店),服務
hhth,豆乳小雞,美味
hia8,鄉之味麵食館,美味
hida,A+正宗印度甩餅之家,環境
hj5s,板井滷肉飯,服務
hl8m,黎明時光早餐 宵夜,美味
hmf9,瘋燒肉,服務
hmh5,巧點雞蛋糕,環境
hmmi,八棧食堂,環境
ho9u,八田 手作油飯·豆花,環境
hobj,阿亮香雞排 (嘉義保安店),美味
holq,"熊老爹手工薯條.純天然仙草,炒飯",美味
houo,早漢堡,環境
hpms,神仙老虎狗,美味
hpy5,熊樂飲,美味
hqu7,媽媽米雅早午餐,環境
hs4z,豐米便當formebento 總店,環境
hs7u,日光鐵板便當,服務
hsmc,胖丸肉圓,環境
hsql,饌八方鐵板燒,服務
hstd,早膳早午餐（餐盒）,美味
ht91,LaLaEat創意輕食,環境
hth6,謝媽媽飯糰,美味
htig,古早味蛋包飯肉羹湯,服務
hton,Dr.G達特雞 (新竹南大店),服務
huj2,狼MAN涼麵,環境
hujd,代代香傳古早味烤玉米,服務
hv4c,何時咖啡,美味
hvga,北興街稻町車輪餅,環境
hvq1,嚐芋手工甜品•冰品店 (嘉義仁愛店),環境
hw0d,溪湖榮記當歸鴨,服務
hx66,飯飯之輩,美味
hxz6,吉普賽民歌西餐,環境
hy47,日木養生冰·燉湯,環境
hyac,鋒味鹽酥雞,美味
hyrq,Mateas (員林中山店),環境
hz2u,勝食堂蚵嗲,美味
hzfp,鍋台銘 (彰化員林店),環境
hzk4,同和鍋物,環境
hzn8,彭記燉品,環境
hzzx,清寶鹹油條 (彰化直營店),服務
i0be,春日日本料理,環境
i0uk,摻壹柒BRUNCH,環境
i0yk,野餐，日 (健康廚房),環境
i1as,溫州大餛飩 (新竹中華店),服務
i1ee,一品軒鴨肉麵 (新竹南大店),環境
i1fo,大中華粥麵館 (新竹光復店),服務
i1zd,柒貳捌芋圓,環境
i2je,噴水雞肉飯 (嘉義小雅店),環境
i2jl,加山記養生燉湯,環境
i2mn,小蝸牛鬆餅屋,美味
i2qv,韓宵,服務
i2zq,回味一鍋,服務
i346,飴品屋,美味
i3cc,胖老爹美式炸雞 (新竹經國店),服務
i3ru,莊手工鮮肉湯包,環境
i4ch,醬吃炸蛋蔥油餅,美味
i4ea,幸福創意三明治,美味
i4jf,阿玉割包,美味
i4k7,布拉葛利廚房 (彰化南郭店),美味
i4ru,顏舍食堂,美味
i4tg,三十張燒烤炸物 (嘉義旗艦店),美味
i5hl,義福便當店,服務
i5lz,味芳鍋貼,環境
i5my,鮮雞排,美味
i637,麻子辣蒙古麻辣燙 (新竹光華店),美味
i6km,王記麵店,服務
i7ev,秋英的廚房,美味
i7mb,主麵 (新竹清大店),環境
i8ic,火鍋世家 (嘉義尊爵店),環境
i8w0,濰克早午餐 (嘉義民生北店),環境
i8wt,香姐滷肉飯 (嘉義民生店),美味
i8y6,不想上班,美味
i905,東方滷味 (彰化鹿港店),美味
i9bx,蚵仔津排骨滷,服務
i9dq,上禾屋,美味
i9ox,中國城海鮮廣場,環境
i9qv,潮味決．湯滷專門店 (新竹竹科分社),環境
ialo,51好食,美味
iaqm,A-NINI夏威夷生魚飯 (彰化店),服務
iarj,晨吉司漢肉排蛋吐司 (竹科關東店),美味
iarw,名家大餛飩,美味
iaxu,順福永和豆漿,服務
ib81,拾汣茶屋 (員林中山店),服務
icwv,裕川堂椒麻燙,美味
iegn,鼎香火雞肉飯,服務
ieix,籽田野菜屋,環境
iepn,貢茶 (彰化鹿港店),環境
iesi,影食Time to Eat,環境
ievu,大和燒餅油條,環境
ifkf,阿霖哥香酥雞蛋糕,美味
ig9m,獅子印度餐廳 Sher E Punjab Indian Restaurant,服務
igpb,嵐丸,服務
ihm7,禾孟壽司坊 (新竹竹科店),環境
ihvo,甲文青 (新竹民族店),美味
iikq,Tioni養生素食,美味
iiw3,賴記柳州螺獅粉,服務
iixu,DM鮮嫩湯汁香雞排 (彰化伸港店),服務
ikop,可不可熟成紅茶 (嘉義後庄店),環境
il0p,禾日香魯肉飯,環境
ilel,苞餃子 東北水餃,服務
ilvw,"胖叔叔-晚餐,宵夜",環境
inpp,Mr.Night古巴三明治(嘉義店),環境
io0g,阿成火鍋,美味
ipet,老華成麵線糊了 (彰化員林店),環境
ipvb,天香臭豆腐  (鹿港店),美味
iq2e,島作源溯,環境
iq8d,怡晟燒臘店,環境
ir1z,饗吃早餐,服務
iswa,食妍所 (彰化溪湖店),美味
it7d,仲食,美味
itt2,初餖紙手作台式甜湯專賣舖,服務
iu5z,炸魂雞排 (彰化秀水店),美味
iuad,法鬥熊貓,環境
iv4w,越南河粉 HOA Mai,美味
iv5a,巷仔口外省麵店,美味
ivme,四葉燒肉·便當·丼物專門店,環境
ivzn,獅子吼嫩仙草,服務
iw8m,亞米,環境
iwav,全牛大王,美味
iwk7,聖善園素食餐廳,環境
iwkw,魯都香 (新竹南大店),環境
ixef,丼屋,環境
ixit,蒝味蔬食,環境
ixn6,男子漢炭烤吐司 (嘉義東區店),環境
iyal,初原麵場 (新竹關新店),環境
iyb4,柒分,服務
iywf,被耽誤的炒麵店 (東門市場店),服務
iz6v,呷味鮮牛肉麵,美味
izmc,站前餐車炒飯,服務
izvy,醋頭家 (和美彰美店),服務
izy8,家廚飯麵館,美味
j01i,魯冰迅小吃,服務
j0dy,ㄚ婆小棧,環境
j0ee,大庄路塊樂炸雞咖哩飯,美味
j0jo,呷尚飽 (嘉義嘉大店),美味
j0pr,呆丸牛肉麵,環境
j1ax,錦蓉越南美食,美味
j1gw,傳家牛肉麵,美味
j1ly,品宣麵食,美味
j1t7,拍拍泡芙,服務
j256,龍鹹酥雞 (新竹西大店),服務
j26j,元圓冰店,美味
j3gf,露餡了手作車輪餅,服務
j3ru,鹿港許家素食,環境
j3yb,健康美食小館,環境
j44d,金田刺身壽司專賣店,環境
j46e,好田樂,服務
j4bq,劉妹鍋燒意麵 (新竹香山店),服務
j4fk,默默咖啡 (彰化華山店),美味
j4hj,85度C (彰化北斗店),服務
j4jy,茶語奏MUSITEA,環境
j4ra,炒飯食堂,美味
j4sz,曹家牛肉麵 (嘉義民生店),服務
j4yl,風禾古早味蛋糕,美味
j5bi,3廠炸雞 (延平總店),環境
j5dn,一甲子食堂 (新竹中正店),服務
j5ge,四海豆漿 (彰化埤頭店),美味
j5jp,重慶紅水煮魚麵疙瘩,美味
j5ju,艾堤斯cafe,環境
j5lc,滿福小籠包,服務
j5or,五邁鄉茶菁文化舍 (彰化彰南店),環境
j64d,尚夯咖哩,服務
j6e2,巨人麻辣鴨血豆腐,環境
j6kc,高鐵大腸麵線,美味
j6lq,員樂永和豆漿,美味
j6o1,來呷飯川食堂 (嘉義中山店),環境
j6yh,清玉 (彰化社頭店),服務
j7ax,麥當勞 (S287 新竹西大店),環境
j7ay,一品火鍋牛排,美味
j7wj,瀧厚炙燒熟成牛排 (嘉義國華店),環境
j8dv,麥味登 (花壇街一號店),環境
j8gh,來一客牛排館 (彰化溪湖店),環境
j8mn,大唐廣東粥,美味
j8pw,小林壽司,美味
j9er,The BBQ House (東大店),環境
ja0v,超派炸雞 (新竹巨城店),環境
ja3c,花果好日雞蛋糕 (新竹西大店),環境
jax8,洋城義大利餐廳 (嘉義大潤發分店),環境
jazn,金雲堂人文茶堂,環境
jb0n,開拌輕食廚房,美味
jb84,初和風精緻咖哩,環境
jcm2,瑞斯飯糰 (新竹寶山店),服務
jcp8,品珍燒臘快餐,美味
jcpx,幸福な食堂,服務
jdsv,味香餐館,服務
jdvy,巴豆夭鍋物(嘉義店),服務
jecz,鶴茶樓 (彰化民族店),環境
jfol,燉舖1號店,環境
jfyh,韓家炒飯,環境
jg2r,澄飯,環境
jgf5,茶匠町,服務
jgv6,呆灣郎,環境
jha6,反轉厚奶酥 (彰化花壇店),服務
jhvv,天為食粥麵館,美味
ji1g,五桔鹽酥雞,環境
ji4m,三七七巷,環境
jicb,彰化精食巧,服務
jid5,川味麻麻米鴨,美味
jidh,峇曼滷製所,環境
jj2t,茶麋TIMUSU,美味
jjao,珠姐烏骨雞熱炒,美味
jk4c,That_那間雞蛋糕,美味
jld1,72度c舒肥健康餐 (彰化北斗店),服務
jlnw,魷皇駕到,美味
jmai,辰采早餐,美味
jmci,三王藥膳鍋,美味
jnwb,國茗韻動(彰化正德店),服務
joeo,溪湖碗粿 (鴻謹商行),服務
joue,來來永和豆漿(嘉義文化店),服務
jozs,金來發快炒,環境
jp1q,朱家排骨酥麵,環境
jpa0,泰饗念 (新竹清大店),環境
jpd4,御井飲料炸雞,美味
jpqq,CAFE8,環境
jq46,caca越南法國麵包專賣店 (新竹馬偕店),環境
jqc9,暴龍刈包,美味
jray,旺享滷味,美味
jrre,鹿港大口小吃臭豆腐,服務
jv8r,家妤黑糖冰,美味
jvxx,小蔥明蔥油餅,美味
jw5p,茶匠TOPTEA,美味
jwkg,春分鍋物,美味
jwmv,堂口麵館 (嘉義仁愛店),環境
jwuo,健康那件小事 (彰化中正店),環境
jy6g,焦家好味道,服務
jybv,壬川炒飯冷滷,美味
jz5v,好食在食集,環境
jzdr,紅花炸雞 (彰化溪湖店),美味
jzed,上豐蔥抓餅 (彰化員林店),美味
jzlh,泰調啤泰式餐酒館 (新竹店),環境
k0ng,TEATOP 第一味 (嘉義後庄店),服務
k0zr,田中阿芬素食,環境
k1lj,鍋燒小店,美味
k1mu,柴哥冰廊x熱壓吐司,美味
k2ke,田中泉成冰果室 (複合式餐飲),環境
k2uk,林家南投意麵,環境
k3fs,茂德素食,美味
k3sq,圓石禪飲 (彰化北斗中華店),服務
k3vz,高北牛乳大王 (新竹大同店),環境
k4at,米豐港式麵館,服務
k4cw,胖老爹美式炸雞 (彰化秀水店),美味
k4in,三鮮蒸餃 (彰化溪湖店),服務
k4oh,阿安快炒手,服務
k5jx,爭夯牛排館,服務
k5np,阿本食堂,美味
k5vm,榮記無刺虱目魚肚,美味
k5wm,秀水湯包,環境
k6ad,西大駅風味平價料理 大俠炸燒肉刈包,美味
k6ot,温叨古早味小吃,美味
k7ke,職人麵工坊 (新竹民族店) x 四海遊龍集團,美味
k8bf,鹿港老街阿公香腸 (大埔店),服務
k8ds,給點麵子 (光彩店),環境
k8fs,一家人鹽酥雞,環境
k8hm,小時候蒸餃/水餃,美味
k8q7,宏記鍋燒意麵,服務
k8qz,辰龍燒臘餐廳,服務
k8sa,北斗煉乳白糖粿,美味
k9bu,達記清蒸臭豆腐,美味
k9ce,超棒冰族,服務
k9oh,蒔蔬元素素食店,美味
kap6,啊尼奇,服務
kbvv,金晨鹹水雞,美味
kby4,大發好茶 有口皆碑,環境
kbyt,昌平炸雞王 (鹿港海浴店),美味
kbzd,阿信牛肉 (嘉義新生店),環境
kdbb,十姐法國麵包,環境
kddz,無油無慮-健康水煮低卡便當 （新竹北門店）,美味
kf49,豆米製品,美味
kfiq,圃田禾味早午餐,美味
kfyk,鍋賣局 (嘉義仁愛店),環境
kg3t,女王冰客,環境
kh1r,老賴茶棧 (彰化民族店),服務
khch,小胖鮮鍋 (員林店),環境
kitw,來一鍋,環境
kkew,國-蒜味赤肉焿 (溪湖店),美味
kkik,陵水天冷飲店,環境
kkln,西西里島pizza (彰化和美店),美味
kkyn,老聰明沙鍋魚頭,服務
km70,朴大哥的韓式炸雞 (嘉義加盟店),環境
km7a,文化路水果冰沙,美味
kme5,阿惠炒飯,美味
kmfn,大瑋叔叔炸雞 (彰化溪湖店),服務
kmi8,燒瓶子。大肆の鍋 (彰化店),環境
kmk6,德安蒙古烤肉,服務
kmlh,FTGW双川製麵 (嘉義民權店),環境
knbs,一銀仙草,環境
knk2,SELFree纖活健康餐 (新竹水田店),服務
kobu,良將飯麵食堂,服務
kp2n,金玉素食,美味
kpo0,上好牛肉爐,美味
kqks,京川鍋物 (彰化溪湖店),服務
krk6,阿岸米糕,環境
krmh,永樂手握飯丸,環境
ks7h,歐浮找餐 (新竹東南店),環境
ksuw,鄉村小火鍋,環境
ksvk,星欣鴨肉,環境
ktkl,老牌港式生滾粥,美味
ku19,涼麵 四味果汁 (嘉義保安店),服務
ku3y,烏弄 (鹿港民權店),服務
ku4w,阿忠牛肉湯(嘉義二店),服務
ku8h,九曲巷炭烤吐司,美味
kvhe,晉鈞鵝肉,美味
kvqz,Bubble Z 阿偉飲品 (北斗中華店),環境
kvuf,北港阿財紅燒牛肉麵,環境
kwie,西大路大粉粿,美味
kxaf,淳淳豆漿宵夜,服務
kxwc,只有披薩,美味
kym4,里長鵝肉,環境
kyow,捕夢網 宵夜點心,美味
kzvw,旭山丼飯專賣店,服務
l0f0,杯樂 (彰化二林店),服務
l0gn,六點開早/午餐,環境
l0ix,心口福脆皮雞排 (彰化大葉店),服務
l0wk,晨間廚房 (二林仁愛店),服務
l1aa,花舒哿精品咖啡,環境
l1j7,Seed Bakery 麵包籽 (新竹光埔店),服務
l1vb,50嵐 (彰化永靖店),服務
l1yh,閃亮PASTA (彰化鹿港店),環境
l286,2派克脆皮雞排 (彰化伸港店),服務
l2ac,阿仁海鮮粥,美味
l2b4,馮記廣式美食館,環境
l2fj,名香越式美食,美味
l2ky,小木屋鬆餅 (新竹關新店),服務
l2q5,鬼蛇小吃,美味
l2yz,鯛著走鯛魚燒,美味
l33q,工具車義大利麵,美味
l3go,上味魯肉飯,環境
l3lx,喬大米捲餅店,美味
l3w3,龍師鮮切炙燒牛排,環境
l41f,嗑咖哩,環境
l43a,仁美刈包,美味
l4ak,珍豪記快炒,美味
l4cj,四川麵館,美味
l4lr,泉心朝食所,環境
l4oc,早凳朝食,美味
l4pw,魷魚天后雞排炸物 (彰化和美店),美味
l4rs,隨主飡法式水煮專賣 (彰化員林店),服務
l4sz,熊讚炭烤三明治,美味
l4xv,麥當勞 (S129 嘉義垂楊店),環境
l4zy,爭鮮gogo (新竹台鐵店),服務
l592,6吋盤早午餐 (嘉義仁愛店),環境
l5ce,有村小攤,服務
l5gi,嘴愛茶-日月潭18號紅玉,服務
l5hh,北木鹽酥雞 (新竹竹科店),服務
l6c6,老饕牛肉麵,環境
l71g,福鹿城,環境
l7he,珍煮丹 (嘉義中正店),服務
l7hk,紅鬼雞排 (北斗總店),環境
l7j6,1231豆花 (彰化金墩店),美味
l7nz,天日人文奶茶學 Sunday Tea Shop,環境
l7zn,藍盤子早午餐 (新竹南大店),環境
l83j,紅港紅茶 (彰化員林店),美味
l8oa,夏廚五日,環境
l91s,KATO雞蛋糕 (花壇店),美味
l9lo,亞洲冰城,美味
l9o8,城市漢堡 (彰化大埔店),服務
ld8d,瑛茹鱔魚麵 (炒飯炒麵),美味
lecw,天可汗蒙古烤肉,服務
legy,禾芝香海苔飯捲,美味
levt,回憶小時候 (彰化中正店),環境
lf32,新竹營養三明治 (新竹西大店),環境
lfpq,園區牛肉麵,環境
lg0b,大村炸蛋蔥油餅,美味
lg2f,賴桑麵食館 (來來永和豆漿文化店),服務
lg74,魚池新語 (社頭員集店),環境
lgfm,鶴茶樓 (新竹東區中正店),服務
lgiz,麻辣風暴 (嘉義興達店),環境
lgoc,不二牛溫體牛肉 (新竹店),美味
lgw9,史卡拉義式廚房,環境
lhi6,小阿姨雞絲滷肉飯餐車,服務
lhl3,陽陽食堂,美味
lhlo,騰之雞排 (嘉義北興店),環境
li91,紐約High薯,美味
liaa,萬波島嶼紅茶 (彰化中華店),服務
liic,文河茶堂WEN HO TEA (新竹竹科店),服務
lilp,肉食丼物,環境
ljk5,Miss Ya 蜜絲葉有纖低卡食驗所,服務
lk0d,蚵仔伯下港蚵嗲,美味
lkuh,咖哩老吳食堂,美味
ll36,小雞輕甜品 (員林三民店),美味
lle0,松山雞場鹹水雞 (溪湖富貴店),美味
lni5,鮮食煮義,美味
lnio,送青 (彰化大埔店),服務
lnly,人生辣舖頭 (彰化鹿港店),美味
lnrg,棟記豆漿,服務
loig,小森食堂,環境
loir,月城泰廚 (新竹埔頂店),美味
lp8u,JAI宅 (新竹巨城),環境
lpga,花花車輪餅,美味
lpr8,頂呱呱TKK (彰化孔門店),服務
lqu0,樂法 (彰化鹿港店),環境
lr78,兩津芙蓉蛋塔 (嘉義仁愛店),環境
lrj3,鹿鼎記深宵夜食,服務
lrne,藍菠雞 (嘉義北興店),服務
lrxx,泰肚男子 (新竹牛埔店),服務
ls4l,犁田鹹酥雞 (新竹寶豐店),環境
lsk6,全羅道韓式料理 (新竹大庄店),服務
lt7b,可不可熟成紅茶 (新竹金山店),服務
ltk9,飯麵達人,服務
lu4q,關於餐桌About Tables,環境
luh2,芋圓柚子,美味
lunj,米樂手作料理店,環境
lw1e,老四川巴蜀麻辣燙 (嘉義中興店),服務
lw1j,紅豆燒烤,美味
lwam,一家之薯 (彰化鹿港店),美味
lwfb,女強人鍋物,環境
lwkr,釜山崔炸雞 (嘉義忠孝店),服務
lwmc,千鶴丼飯,環境
lyde,吸粉堂過橋米粉 (嘉義外帶店),環境
lyhf,圓味壽司 (鹿港中山店),美味
lyvl,廟口咖哩飯,服務
lzl0,宏楹豆漿,服務
lzq7,沐嵐 · Moonlight,環境
m082,林大咖啡,美味
m0oy,上純炸雞店,美味
m0xn,粥麋家,美味
m0yr,小么雞鹹水雞 (彰化大埔店),美味
m19k,參拌健康餐盒,環境
m1j6,天仁茗茶 (嘉義中山店),美味
m1m4,Love Corner 愛的轉角,環境
m2bk,沂蚵嗲,美味
m2bx,呷蛋雞蛋糕,美味
m2ks,小花椰健康餐盒,服務
m2o4,瓠仔貴 (嘉義店),環境
m2sn,宸品港式小火鍋,環境
m2tf,好日手感Joyous Holic,美味
m3ph,轟太陽蜜汁燒烤 (彰化和美店),美味
m48v,WHAT什麼滷味,環境
m4fz,品軒精緻炸食,美味
m4wl,四季食堂,環境
m5be,3Q脆皮雞排 (彰化二林店),服務
m5ko,鼎晶鐵板燒 (愛買新竹店),環境
m5ov,皇阿馬烤肉 (彰化田中店),美味
m5zu,港城豆花孔門店,服務
m6ab,莎莎牛排,環境
m6dc,牽漿店 (新竹清大店),環境
m6dg,客萊登早餐 (彰化永靖店),服務
m6eq,人情味蚵仔煎,環境
m6h7,宜蘭手做臭豆腐龍,服務
m6r6,小胖不減肥 (彰化彰化店),環境
m6sy,蕭記蚵仔煎,服務
m73v,鼎記上海湯包,環境
m7b8,香香堡晨食館,美味
m7gd,晨吉司漢肉排蛋吐司 (社頭員集店),美味
m7pb,古拉爵 (彰化家樂福彰化店),環境
m818,百盛咖哩 (嘉義重慶店),環境
m88b,六扇門 (嘉義大雅店),環境
m8l9,阿滿姨什錦麵,服務
m8xn,思家香滷味酸辣粉,服務
m92q,控肉控控,美味
m985,純粹喝果汁,美味
m9cn,伸港燒肉食堂,美味
m9du,洋城義大利餐廳 (愛買新竹店),環境
m9jf,興達自助餐,服務
m9rt,社頭-彰化素食,服務
ma0b,Mikilem尋吧,環境
ma9w,Half Day半日早午餐,環境
mas1,尚青海產粥,美味
mbq3,洪記牛肉麵,美味
mbro,牛皇帝冠品牛肉麵,美味
mbv9,成都牛肉麵,美味
mcl1,炒飯媽媽,美味
mcyy,沒有，三色豆,美味
mdi9,十森義式餐廳,環境
me7d,金盛鹹粥,美味
mf56,辣間麻辣滷味lajian  loobi,美味
mfjo,Crazy Pizza,服務
mh8d,舊市場蔡家米糕,美味
mhi7,老饕滷味,服務
mj3m,來碗粥 (彰化北斗店),美味
mj8k,就醬子烤吧 (彰化民族店),環境
mjad,城市漢堡 (嘉義香湖文化店),環境
mk7l,名傳牛排館,環境
mky9,食米堂,服務
mkzi,Comebuy (彰化民生店),環境
mlfp,壹品早餐,服務
mlr0,蓁巧味煎餅果子,服務
mmr2,鹿港圓環頂麵食館 (彰化溪湖店),環境
mmtj,丼寶 (員林新生店),服務
mn0x,小青島手工水餃,環境
mnu3,沢川蛋包飯 (彰化南郭店),環境
moly,李記捲餅舖,服務
mp7q,春陽茶事 (彰化中正店),服務
mppb,古早味炸麵包,美味
mpxd,多米屋,服務
mq7f,早到晚到 (彰化中正店),服務
mqeo,五美茶果茶 (嘉義民族店),服務
mqm2,紅勁冰品茶飲 (彰化花壇店),環境
mqr7,鮮茶道 (彰化田中店),美味
mr93,楊姐麻辣燙,美味
ms0u,爭鮮迴轉壽司 (和美店),環境
ms44,錦滿溢,環境
msb9,良心食堂,美味
msgd,轉餃遇到焿,美味
msos,阿億赤肉麵線糊,美味
mtbq,三品軒手作茶飲,美味
mtgj,微笑的魚 (彰化員林店),服務
mthe,永香蝦丸湯,環境
mus3,烏弄 (嘉義民族店),服務
mv3r,失眠燒烤,環境
mv6d,員林野村日本料理,環境
mwrm,饕串燒酒場,環境
mwtd,Mr.BIG 炸食堂,美味
mwwj,台灣雙醬咖哩 (彰化北斗店),服務
mx2x,佐登早餐 (新竹公道五路),環境
mxz9,悠食堂,服務
myga,饕客燒烤火鍋店,服務
myyg,皇家豆花,服務
mz8i,粥魂 (東區和平店),服務
mzi5,曼谷市場泰式小吃,環境
mzko,回家吃便當,美味
n020,柇本石鍋,環境
n0fr,Fun鬆餅,美味
n1ae,菓子房烘焙坊,美味
n1b0,Louisa 路易莎 (新竹金山店),環境
n1gb,早餐櫃早午餐 (彰化和美店),環境
n1ks,爍軒健康餐 (彰化埔心),服務
n1tb,大道咖啡Avenue cafe,環境
n2nd,大眾排骨,美味
n2uu,好食姬炸物（原双姬殿）,美味
n2vj,小太陽冰坊 綿綿冰專賣店,美味
n32v,東門市場1132泰,環境
n3dy,福勝亭 (新竹民族店4631),服務
n3hq,巷口小食,美味
n3qr,元春餃子館,環境
n3s3,九品茶,環境
n3uz,泰啾C泰式手沖茶食,環境
n3xo,庭圓瓜仔肉飯,美味
n3y4,ORDEAL烤焰(原嘉樂福夜市炒泡麵),服務
n4g5,九號米便當,美味
n4qg,老蕭牛咖堂,美味
n5os,范氏肉圓生,環境
n6be,二姐紅茶冰,美味
n737,小林湯包燒賣,環境
n7ql,老春芳羊肉爐,環境
n7x1,樂比手作冷飲,服務
n8hp,夯 臭豆腐 (彰化鹿港店),環境
n8ms,風味主題炒飯,服務
n8tj,悟饕池上飯包 (嘉義中興店),環境
n8tp,元氣燒肉丼便當,服務
n94v,GBT脆皮烤豬 (嘉義彌陀店),環境
n9ae,滷學工坊,服務
n9r8,台北麻將麻辣臭豆腐 (新竹水田店),美味
n9s2,冰斗古早味剉冰,環境
nal4,莊董粉行 (彰化彰美店),服務
nalj,席波早午餐,服務
ncdo,紅橘子精緻早午餐 (新竹東明店),服務
ncue,黃金貴臭豆腐,美味
ndoc,Tea's原味 (彰化埔鹽店),服務
nfod,南田爌肉飯,服務
ng9t,鴨肉讚小吃店,美味
ngrc,享soul食光 (彰化溪湖店),美味
nha0,珍饌飯麵館,服務
nhf4,午後屋和風弁当,美味
nhgr,阿辰爌肉飯,服務
nhuk,君翔香雞排,美味
ni03,興達熱炒店,環境
nigp,阿來碗粿米糕 (嘉義公明店),美味
nitr,阿忠冰店 (新竹城隍店),環境
njgq,郭老爹蔥油餅,美味
njp3,湯嗜souplus,環境
nlrz,早安二街坊,服務
nlyv,金馬牛肉麵,環境
nlzi,大茗本位製茶堂 (嘉義文化店),環境
nmoc,炸擱來鹹酥雞 (彰化民族店),美味
nn00,COMEBUY (新竹民族店),服務
no52,軍茶 (嘉義博愛店),服務
novc,總味廚房 (新竹食品店),美味
npxk,黃記臭博士 (新竹科園店),美味
nr1g,來易杯飲料 (彰化二林店),服務
nryj,啾啾咖啡&莫忘鯛魚燒,環境
ns93,鬍鬚張魯肉飯 (新竹關新店),環境
nsb6,梁社漢排骨 (新竹香北店),環境
nshe,洪家牛肉麵,環境
nskm,小GG炸雞伸港人氣雞排,美味
nstj,吃粗飽小吃,服務
ntsr,GUALAYA小斗笠,美味
nu93,安咖哩,環境
nvyu,星期一鹹水雞,美味
nw13,奧兒法低GI輕食餐 (彰化中正店),環境
nwst,八廚職人弁当 (溪湖東環店),服務
ny7s,百果山炸粿小吃攤,服務
nz02,脆大爺脆皮甜甜圈 (新竹巨城店),美味
nz2a,茶經鮮奶茶專賣店,環境
nzq3,陳記古早味刈包,環境
nzvf,川居小館(嘉義維新店),服務
o0jv,夏一跳 (彰化社頭店),環境
o0yq,Riverbird江鳥咖啡(嘉義民北店),環境
o1em,Burger King 漢堡王 (嘉義店),環境
o1fy,李振輝扁食,服務
o1ig,火焰鳥什鍋 (新竹建功店),服務
o1iv,淞坊炒飯,服務
o1rh,白水泉軒堂 (彰化員林總店),服務
o284,餓了台式丼飯 (彰化員林店),環境
o2fm,Bubble Z阿偉飲品 (鹿港公園店),美味
o2nd,初轉角早午餐,美味
o33q,3鼎紅麻辣鴨血臭豆腐 (鹿港復興店),美味
o3bp,紅姐四川冰粉,服務
o3dg,大廟口碳烤生啤酒總店,美味
o3gf,東方美早午餐 (員林大同店),環境
o3hi,肉肉主義-肉蛋吐司專賣店,環境
o3mo,熊霸串燒&鹽酥雞（中正店）,服務
o3td,Pizza Hut必勝客 (彰化花壇店),服務
o3vq,瀟湘園 湘菜館,環境
o4bd,小澤宅宅 (新竹馬偕店),環境
o4ds,三皇三家 (彰化中正店),環境
o4jx,台灣雙醬咖哩 (新竹南大店),環境
o502,先喝道 (彰化鹿港店),環境
o50r,Ummi印尼料理,環境
o55b,一方軒,美味
o5m7,東軒鐵板燒,服務
o5rb,倆姐妹,美味
o5rp,中島屋甜不辣,環境
o5um,三年五班黑糖珍珠舖 (新竹城隍店),環境
o5vv,王媽媽蒸餃,美味
o5yg,順億鮪魚專賣店 (嘉義中山店),環境
o63d,友刈包,美味
o6lt,田尾美之晨,服務
o6qy,帕泰雅泰式料理,服務
o6z5,口袋溫食,環境
o74f,貴人咖啡,環境
o7ei,和美60年老店蚵嗲炸粿,美味
o7fd,古灶咖米食,服務
o7md,LeeLi's,環境
o7yw,八丼食堂 (彰化自強南店),美味
o83m,莫忘鯛魚燒（嘉義台林店）,環境
o8bz,湘月食堂,環境
o8je,鄭抄手川菜館,環境
o8pt,阿秋飲食店,服務
o95y,食中如一精緻麵食,環境
o9ed,南台灣台南無刺虱目魚,環境
o9el,轟炸雞 (大象茶舖社頭店),服務
o9qv,風味食堂,服務
o9yr,蝦蝦叫綜合料理,服務
o9yx,茶棧 (新竹林森店),服務
o9z8,竹美港式茶餐廳(新竹學府店),環境
obfb,波特多烤馬鈴薯 (嘉義中正店),環境
obw5,花果好日雞蛋糕 (彰化彰美店),服務
ocjq,星晨食坊,服務
od8i,十九川串燒碳烤（原溪湖大廟口）,服務
odhu,先鮮小吃,服務
odin,笨笨雞 (新竹城隍店),服務
odu9,爆Q美式炸雞 (新竹南大店),美味
oexe,馬六甲馬來西亞風味館,環境
of8f,廚種王 (新竹學府店),服務
of9z,艾思沙沙綠豆冰沙專賣店,美味
ofa9,艾飯丸早餐,美味
ofp6,台灣雙醬咖哩 (新竹城隍廟店),服務
ogpv,碳口憩俱樂部,環境
oi5l,吳家甜不辣,美味
oitn,茶水印 (彰化和美店),服務
ok4r,重慶水煮魚,服務
okin,非你莫屬黃金水餃 (溪湖旗艦店),環境
ol54,偉魚小居,美味
ol7a,鼎盛燒臘 (新竹光復店),服務
olm1,宵YA,美味
om0e,清水茶香 (新竹光復店),環境
omqc,鶴茶樓 (嘉義民族店),環境
omqf,阿呆滷味 (彰化秀水店),美味
on92,大呼過癮 (嘉義仁愛店),美味
onpx,熊本鍋物 (新竹清大店),環境
onud,呷霸食堂,美味
oofg,升一排骨 (新竹建功店),服務
opzn,飯丸屋 (彰化中正店),服務
oqc1,絕佳食雞(嘉義民族二店),服務
oqsq,廟口鴨肉焿 (嘉義興達店),美味
orp6,暫食手作餐盒,美味
os2e,熊爸 Bear Dad (新竹西大店),環境
ot2w,鮮饗茶 Gotcha (新竹光復旗艦店),服務
ot54,cama café (嘉義垂楊店),環境
ott1,洤興米糕,美味
oum9,萬波島嶼紅茶 (新竹東門城店),服務
ovnx,玖仰 (新竹遠百店),環境
ovx2,德洋壽司,環境
ow8f,甜點子豆花店,美味
owea,豹力鍋,環境
ox59,韻沏好 T-Aroma,美味
ozby,肆子作,美味
ozms,大漢蒙古烤肉,美味
p02g,德味自助餐,服務
p0e5,岳澤坊 (新竹竹科店),服務
p0i1,MEGOPUN Hamburger (新竹店),環境
p10x,享食光肌能健康早午餐,美味
p1ac,士林真味廣東粥 (嘉義民生店),美味
p1ji,品譽牛肉湯涮涮鍋,服務
p1lj,早安公雞農場晨食 (彰化鹿港店),環境
p1pu,粥師傅廣東粥 (新竹北門店),服務
p1xr,澄香好食炸物茶飲,美味
p29p,雲燒炭烤吐司,美味
p2fs,甲文青 (彰化成功店),環境
p2g8,阿忠鹹酥雞,美味
p2hk,定食8 (嘉義家樂福店),環境
p2ju,三商巧福 (4204新竹店),環境
p2p8,芭那那早餐 (嘉義自由店),環境
p2si,三民木瓜牛奶傳統挫冰,美味
p3fv,四海脆皮臭豆腐,美味
p3l7,龜記茗品 (嘉義文化店),服務
p3ov,大廟口串燒 (永靖外帶店),美味
p3xe,鄉間座 (新竹建功店),服務
p4b5,阿明廣東粥,美味
p4bk,七里素達人 (素食鹽酥雞),服務
p4lq,源鍋綠手作鍋物,服務
p4lu,微笑QQ義大利麵 (彰化大埔店),服務
p4mk,小松丼丼食事處 (鹿港店),環境
p4tw,駱丸｜駱媽媽の肉圓,美味
p4vr,T4清茶達人 (彰化二林店),服務
p5ai,九陶石頭火鍋,環境
p5bm,洪媽媽飯糰,美味
p5hd,讚不絕口小火鍋 (彰化員鹿店),環境
p5iw,龍哥雞排 (永安店),服務
p62y,振華龍骨麵,環境
p641,石一鍋,美味
p6pg,鹽燒小鄭 (新竹光復店),服務
p77h,櫻未央日本通飯,美味
p7ax,源小吃,美味
p7ll,爆Q美式炸雞 (員林第一市場店),服務
p7lo,威仔炒飯,服務
p7n9,吳家鴨香飯 (新竹埔頂店),服務
p7nr,員林南門四神湯 (彰化中正店),美味
p7qj,劉媽媽古早味大餅,服務
p8mm,忠鑫快炒,服務
p8z8,竹三餃子館,環境
p8zv,詠靖牛排,美味
p9kj,邦尼熊鮮調茶飲,服務
p9u0,野瘦派低卡便當 (嘉義店),服務
p9ur,徐家手工鍋貼小吃,美味
p9wm,鍋湯匯24H (新竹光復店),環境
p9yd,鹿東魷魚肉羹（原鹿港洪肉羹）,環境
pa2f,金方熱壓吐司 (新竹寶山店),美味
pb5h,威尼爾食堂,環境
pbzq,828飯糰,美味
pc4p,就是愛炒飯,美味
pc8z,井閣鍋物 (彰化員林店),環境
pd75,吳家便當,環境
pdcg,鳥羽和洋食,環境
pdrp,玖萬關東煮,環境
pf05,爭鮮 PLUS (彰化北斗店),環境
pf6g,春風稻鐵板燒丼飯 (彰化大竹店),環境
pgjr,蓁油飯,服務
pgzc,DABO裝一塊窯烤披薩,服務
ph8x,楊桃自助餐,美味
pj0c,鼎豆芋圓,美味
pk0p,吳哥窟美食,美味
pkbt,蝦攪和海鮮舖,美味
pkcy,和喫日本食事亭,美味
pkmo,Please Don't Tell (新竹遠百店),服務
plba,凡凡滷味,美味
plbg,滿溢風拉麵,環境
plkg,玄咖啡髮藝,環境
plnr,豪家排骨酥麵,美味
plxo,明昌越式餐館,環境
pm8e,大九九生魚片,美味
pn9o,張家 正元祖 胡椒餅,服務
pncd,双十八木 (彰化員林門市),服務
po5m,古唐軒,服務
poo9,麻的小辛辣麻辣干鍋,環境
ppdg,網路客棧,服務
ppw7,蒜翻天鹽酥雞（新竹南大店）,服務
pqkl,麗媽四季鍋 (彰化鹿港店),環境
preu,夜梟台式無煙串燒,美味
ps32,來來越式料理,環境
psck,櫻木甜品屋,環境
psz5,貳食咖哩,美味
pt5x,尚尚黃小吃店,服務
ptkx,李鼎記麻辣鴨血,美味
pulg,無飲 (彰化孔門店),環境
pum8,一度囋火鍋牛排,環境
puy6,蹭鮮輕食館,環境
pva9,寶貝雞排,美味
pvm7,滷醬人滷味,環境
pvof,醬丸日式小吃,環境
pvxd,P&P悠活館,環境
pxdd,角間串燒啤酒屋,環境
pxyh,新八拉麵 (彰化北斗店),美味
pyc4,康青龍 (彰化永安店),美味
pyce,立山青禾食事所,美味
pzy4,杜芳子古味茶鋪 (嘉義文化店),環境
q01a,阿忠水煎包,美味
q0tv,迷客夏 Milksha (彰化二林店),服務
q1du,麥町吐司工房 (嘉義永安店),環境
q1kd,繼光香香雞 (員林中正店),美味
q1py,冰紛樂,美味
q1qv,新台灣牛排 (彰化伸港店),服務
q1wj,串燒20元,服務
q256,豚將日本拉麵 (新竹店),服務
q2op,阿明豬腳飯,服務
q3cm,古早味魯肉飯/油飯,美味
q3lh,惡魔雞排 (彰化田中店),美味
q3yf,拉亞漢堡 (新竹建美店),美味
q4ic,拉麵匠,美味
q4ih,滴答咖啡,環境
q4uc,黑棟當歸鴨 (嘉義後庄店),服務
q4vi,旭尤飯屋,環境
q50q,小鹿串串炸物,環境
q53h,夜間部,環境
q55w,假鼻先生Mr.ChaBee雲端茶飲,環境
q5cf,五更天傳統美食小吃,美味
q5tz,一旬飲料茶行,服務
q631,JUST BURGER 加蔬特,環境
q637,白鬍子厚切牛排 (新竹清大店),環境
q6sr,丼心食客,服務
q6sy,瘋丼,服務
q6yc,新町豆花 (彰化中正店),美味
q6yd,The fun 樂房早午餐 (新竹建美店),環境
q73e,小木屋鬆餅 (員林萬年店),環境
q7es,品八方 (彰化金馬店),環境
q7nz,張記炸雞 (彰化社頭店),服務
q7pu,草頭芳四川麻辣館,美味
q7wm,跟獅子約會,環境
q8ee,二林市場排骨酥麵,美味
q8fy,四海遊龍 (北斗中華店),環境
q8pe,員東炸物專賣,美味
q8sv,朵義餐桌,環境
q9ff,坤敬泰式料理,服務
q9ld,味香鍋貼,環境
q9nw,奕米壽司,美味
q9q7,龜記茗品 (花壇中正店),環境
q9sz,Magic Touch 点爭鮮 (彰化員林店),服務
qal7,隘門叉泡咪,服務
qaxa,暮夜食氛 拉麵館,美味
qb08,西螺麻糬阿心 (彰化和美店),服務
qbap,老賴茶棧  (嘉義民族店),美味
qbgw,拿坡里 (員林店8308),服務
qcfq,123燒肉飯,服務
qcjf,厚作本舖 (新竹經國店),環境
qcqh,好客茶飲,服務
qdfy,墨爾漢堡(和美道周店),環境
qdk1,吳家炸物,服務
qfet,北斗肉圓生,環境
qgax,酒澤串物制作所,環境
qgpl,鹿壹義式餐廳,環境
qhhs,心鮮好素集,環境
qhkv,BARCAFE 咖啡吧,環境
qhw8,月女涼麵,服務
qiu0,連家阿婆 (新竹總店),環境
qj43,愛呷粽食堂,美味
qjbb,青蔬寶蔬食滷味,環境
qjkb,50年代黑豆漿,服務
qjzz,想吃咖哩,環境
qk7h,勁雞小子,服務
ql3g,福芳酒食,環境
qlox,五一茶庫&關東煮,服務
qmo3,85度C (嘉義世賢店),環境
qn0m,鍋鑲小火鍋,環境
qn2c,津心綠豆沙鮮奶專賣店,美味
qngq,北社尾米糕,美味
qnig,佳味水餃專賣店,服務
qp31,巴特手作晨食 (彰化總店),環境
qpku,麻古茶坊 (彰化秀水店),服務
qpt4,海洋冰城,環境
qre0,早點鳴！ 精緻早午餐,服務
qrfy,郭 嘉義火雞肉飯,美味
qroa,穀壹綠豆沙專門店,環境
qrot,御品牛肉麵 (鹿港頂番店),美味
qs44,城市漢堡 (新竹鐵道店),服務
qsdk,深海深土魠魚焿 (彰化社頭店),美味
qskb,好運來燒臘,服務
qspn,豪拌拌食堂,環境
qszn,黃毛丫頭東山鴨頭專賣店,服務
qt2h,潮店茶飲,服務
qt8p,鹿港蝦仁肉羹蚵仔煎,美味
qtmh,孫東寶 (彰化旭光店),環境
qtzz,燒丼棧,環境
qu8g,城隍廟商圈 阿富魯肉飯,服務
qv8m,1314倚山倚食異國料理,環境
qvv3,六少早午餐(員林新生店),環境
qvvi,一葉豆花,美味
qxbt,一品炸鷄王,美味
qxhx,吉霸豆花,美味
qy2q,大高雄燒烤 (新竹店),服務
qy4y,早安！喔嗨唷,服務
r03w,東環排骨便當,服務
r0hw,食夜牛肉麵,美味
r0jh,三入好棧,環境
r0vu,吐司男 (彰化中山店),環境
r19b,麥味登 (員林中山店),環境
r1d7,八方雲集 (新竹西大店),環境
r1gd,隨意小吃土魠魚焿,服務
r1ju,唐揚げ專門店,美味
r1lx,又又手搖飲,環境
r22o,清原芋圓 (彰化和美店),服務
r2an,紅麥田夜間部 (文化店),美味
r2c4,宜華蛋餅 (嘉義新生店),服務
r2cs,黑師傅炒飯,服務
r2ec,上家炒飯炒麵,服務
r2kr,成功牛排 (彰化鹿港店),環境
r2nr,文家牛肉麵,服務
r2re,小龍湯包 (新生路),環境
r2td,三禾屋,環境
r38p,飽米便當 (彰化過溝店),服務
r44z,57健康蔬果便當,服務
r4l2,潮店小日嚐,服務
r5gr,登鮮-公園涼麵二代店(嘉義文化店),環境
r5in,胖老爹美式炸雞 (嘉義友愛店),服務
r5iw,全奶包子饅頭專賣店,環境
r5xg,如意麵食館,環境
r68z,國華水煎包,美味
r6e9,佐私茶 (嘉義體育店),美味
r6nf,美日晨不想關,服務
r6qq,和食washoku,環境
r6rg,嘉農人香雞排,服務
r6s9,悟饕池上飯包 (新竹光復店),服務
r7bf,巧之脆 (中埔後庄店),服務
r7di,串門子燒烤,服務
r7hu,義料之中Pasta,環境
r7ie,吐兔洋食坊,服務
r7oo,黑龍會 (清大旗艦店),服務
r7rh,三樂便當,美味
r7rr,香豆府,美味
r7uy,雞大爺 (彰化伸港店),服務
r7wr,三駿麵食館,美味
r7wv,榕樹下牛肉麵,服務
r8ym,麻燦 淮南牛肉湯,環境
r9bp,香美小吃店,服務
r9de,十味香雞排,美味
r9hz,百鮮專業現打果汁,服務
ra3w,燃後丼飯,環境
raix,康成担仔麵,美味
rbei,菘築酸菜白肉鍋,服務
rbmg,嚐仙 台灣甜品專賣 (新竹慈雲店),服務
rc2d,穎覓食光 (嘉義店),美味
rc8j,梁姐焗烤起司炒飯專賣,環境
rcbl,來口爆一下手工鮮肉湯包,美味
rcdr,港心麵線糊 (彰化伸港店),美味
rcqh,瘦子能量餐盒,美味
rcxl,好家車輪餅溪湖店,美味
rczj,不時不食清鍋物,環境
rdkw,呷叉奔,環境
rdz3,食go易健康概念餐盒 (新竹北大店),美味
re1t,Knock Knock Coffee,環境
reo6,大贏家串燒,環境
rfl9,御噂醇汁牛肉麵館 (新竹總店),服務
rghb,默沫手作飲品 (新竹巨城店),服務
rh15,日茶提案,服務
ri84,拾穗咖啡,環境
riln,山種子排骨酥湯 (員林店),環境
rim1,盛香滷味,美味
rjc4,Stacie foods 日洋料理,美味
rjyg,陽光清粥小菜,環境
rka9,武陵喬義式料理,環境
rkk7,369無骨鹹酥雞,美味
rkq2,張家羊肉炒麵,美味
rl6k,阿寶爌肉飯,美味
rlg7,韓山炸雞 (新竹延平店),服務
rmeo,三佳食堂,美味
rn2f,城隍廟第一家麵店,美味
rn70,醇滷味 (彰化員林店),美味
roia,玖炸物,美味
rp1u,楽坡 BONBOX (新竹竹科店),服務
rph2,木昂手作 (嘉義北港店),環境
rpvc,蘇記食堂,環境
rqkd,御青方麻辣臭豆腐 (彰化民生店),服務
rqm8,宥福精緻素食,環境
rro0,紅吱吱牛排 (新竹西大店),環境
rstm,蔡家正宗雞湯小卷米粉,環境
rtbf,楊桃園豆花,美味
rtjv,健康原素 (嘉義新生店),環境
rtwa,蜀川饌滷味,服務
rubv,老梗談 鐵鍋燉魚,環境
ruf3,紅茶媽媽 (福興店),美味
ruu9,來坐麻油雞,服務
rvaq,達人手工飲品,服務
rvl6,魚鮮會社 (新竹經國店),服務
rvsm,幸福客家麵食館,環境
rww6,七十三世S.S.C (新竹大庄店),服務
rxxy,友村咖哩,美味
rz2r,岩瘋爆,環境
rz3s,圓記盅湯,美味
rz6t,風城披薩單片專賣,環境
rzyd,阿杜皇家泰式料理 (員林旗艦店),環境
s02k,滿大碗 (嘉義仁愛店),服務
s0bc,普吉島快餐店,美味
s0fm,阿威炒飯烏龍麵,美味
s0jb,百吉園豆漿(中興店),服務
s0km,狀元廣東粥 (嘉義中興店),美味
s0ov,用然名店中式餐點,美味
s0ub,花中傳奇臭豆腐,環境
s152,ago義大利麵,環境
s19v,品香臭臭鍋,美味
s1k1,嘉義泰國蝦活魚活蝦熱炒,服務
s1lw,郎港式鮮肉包 (彰化員林店),美味
s1qn,湯鍋會24H (新竹經國店),服務
s1uq,大師鹽酥雞,美味
s1y2,尤里卡複合式餐飲,環境
s21e,瑪麗亞鍋物,美味
s23v,珍可口豆漿店,美味
s25e,合平鴨肉羹,環境
s2as,早餐廣場,美味
s2gt,強哥鬆餅,美味
s2km,武鍋物(社頭店),環境
s2ko,洲新港鴨肉羹,服務
s2vw,初心豚骨拉仔麵,美味
s2xa,海露佳味館,美味
s2zg,欣葉牛排 (嘉義吳鳳南路店),美味
s35h,覓食日式小吃,服務
s3il,晨曦食光,環境
s3qj,反轉厚奶酥 (新竹店),服務
s3vb,牛+莊平價牛排,環境
s3wq,葉記牛肉館 (嘉義文化店),環境
s43q,十二段鍋物 (彰化介壽店),環境
s43y,粥聚八方,美味
s4pu,巧也飽 (彰化溪湖店),服務
s4yi,50嵐 (新竹北大店),服務
s64u,清夏茶坊,服務
s6ah,幸福傳承麵館,美味
s6ps,山口刺身丼飯專賣店 (新竹東門店),環境
s6ta,十二月粥品．茶飲．私房菜 (SOGO百貨新竹店),環境
s6u7,吃福飽早午餐,環境
s6wq,杏甜豆腐冰,環境
s79i,食在泰讚,環境
s79y,粥大福 (新竹東南店),環境
s7au,寶香素食、鐵板、便當,美味
s7dx,德發中西式早午餐,美味
s7ss,阿滿姨爆皮麵,美味
s88p,冠壽司日本料理,環境
s8c1,Q米壽司 (新竹店),美味
s8eg,肉蛋戰車,環境
s8g5,溫家炸雞 (新竹東門店),美味
s8nt,咖哩peace町 (新竹清大店),環境
s8sy,周師傅燒肉飯 (彰化田中店),環境
s91j,興吐司,環境
s9fs,阿祥爌肉飯,美味
s9jv,吮指王 (新竹南大店),環境
s9mm,千墨低卡計畫,環境
s9qi,超愛吃湯包 (新竹民生店),服務
s9tl,北海道粥品 (嘉義民族店),美味
sa0y,1113全台首創24小時手搖飲,服務
sax2,教堂古早味小吃 (新竹民權店),環境
sbs5,雞大爺 新竹水田店,服務
schf,嘉北平價牛排,服務
sckq,早餐日嚐,美味
sd1y,好食棧 麻辣鴨血臭豆腐 (員林民生店),美味
sd3f,窩ㄎㄡˋ燕窩飲,美味
sdyw,梁社漢排骨 (彰化中正店),服務
se5g,養心園素食,環境
sefk,嚕嚕鹽酥雞(ㄌㄨㄌㄨ鹽酥雞),美味
seja,伊賀日式手作御飯糰,美味
sf1c,老爹麻辣鴨血豆腐,美味
sfe0,蝦佬港式飲茶,環境
sgly,學府牛肉麵,服務
shdy,奶酪公主,美味
shi8,占邦茶飲 (彰化員林店),服務
sigp,呷紅茶 (彰化秀水店),環境
six6,飽飽泰式 (嘉義八德店),環境
skfc,早頓食堂,環境
sl2m,享饗鮮奶蛋糕,美味
sm0x,滷味居,美味
sn5p,石狩川職人火鍋,環境
sned,醬醬好酒窩,環境
snha,謝媽媽廚房,美味
sp2r,秦湯.御膳食補製湯所 (彰化民生店),環境
sptd,123厚切牛排,環境
st49,波波TEA BOBO茶,美味
steh,小佐宵夜,服務
su5s,樂山丘,服務
suhx,東市魯熟肉,美味
suny,小李飛雞,環境
suvi,香奈鵝鵝肉町,美味
svht,和可咖哩,美味
swby,大上海香酥雞 (嘉義高鐵大道店),美味
swig,禧棧砂鍋煲,環境
swju,職人雙饗丼新竹建功店,服務
swlc,智盛燒臘便當,環境
sy0o,三十年老店,服務
syrl,馥御早餐店,環境
syza,品包子 (新竹東區店),美味
szdx,永樂麻辣香炸臭豆腐,環境
szpt,Burger King 漢堡王 (員林靜修店),服務
szvc,拿坡里 (光復店8205),服務
t02y,Yamada山田麻糬製造所,環境
t0o5,緣滿好料理,服務
t0yq,林記-東寧食堂,美味
t1cn,大掌櫃煎餅鋪,美味
t1ht,Hi 倪好紅豆餅,美味
t2do,正忠排骨飯 (彰化中正店),環境
t2ib,艾塔甜品屋,環境
t380,澤記海鮮餐廳,環境
t3yz,巫迦泰式風味,環境
t3zz,中華麵店,服務
t4da,一月初良心餐盒販賣所,環境
t4ea,家香魯肉飯,環境
t4qi,阿順當歸鴨 (彰化員林店),美味
t4sh,東石李燒肉飯,美味
t4su,小蔬苑,環境
t4vn,現煮食低GI健康餐盒 (彰化員林店),服務
t4ya,老朱阿贊爌肉飯,美味
t54l,精食巧海苔飯捲 (新竹寶山店),服務
t5uk,荳神綠豆沙 (鹿港天后店),服務
t5us,秘醬滷味 (嘉義德明店),服務
t6dx,紅嬌炸粿,服務
t6gw,發Q蔥油餅,美味
t6sg,Magic Touch 点爭鮮 (嘉義垂楊店),環境
t6t1,e吧網路電競館 (彰化民生店),環境
t7cs,小口品咖啡甜點,環境
t7g0,天德鐵飯碗韓式海苔飯捲,服務
t7ox,員林台南善化牛肉湯爐,美味
t7wy,帥叔叔雞排,美味
t7y1,老詹鹹酥雞,服務
t860,A -bao house (新竹南大店),服務
t8gb,微笑咖哩 (彰化員林店),服務
t8he,偉園麟手作鮮肉湯包,服務
t8oc,滷道家,環境
t8vh,還不睡(熱壓吐司),美味
t8wp,早食屋,環境
t9tp,台越越南小吃,美味
ta62,56餐坊,服務
taa4,梁記手工蔥油餅,美味
tai5,偷撕吐司 (新竹民族店),環境
tape,鍋牛鍋物 (新竹民族店),環境
taw6,銘家生炒鴨肉羹,服務
tbsp,小旬湯 (嘉義仁愛店),環境
tciq,上品香豆花,美味
tctg,本心えび天,美味
tdmf,吉霸營養三明治,美味
tea2,2派克脆皮雞排 (嘉義文化店),服務
tedw,厚野雞排 (彰化中正店),環境
tfqj,城隍廟口甜不辣,服務
th5c,丼滋丼滋,服務
th6h,Defcoffee,環境
th6p,員林第一市場老牌好味道小籠包、蒸餃,美味
thkh,京站湯包麵館,服務
tirj,柒早日式早午餐 (嘉義南京店),環境
tivo,有利脆皮豬 (新竹忠孝店),美味
tizn,甲一飯包 (和美中寮店),美味
tj93,傑克老爹焗烤屋 (新竹光復店),環境
tk8k,廢勤妄食,美味
tkio,FLOW INTO,環境
tl2g,新饌榮座,環境
tl9g,幸花鷄白湯拉麵 (彰化員林店),服務
tlqw,紅心杙地瓜 (彰化鹿港店),美味
tlx8,ㄚ好麥水果,美味
tm0x,兩津芙蓉蛋塔 (彰化員林店),服務
tmog,桃司廚 (新竹慈雲店),環境
tmr6,喜蕃刨飲,環境
tngr,擄滷胃,美味
tnmd,Moose Burger 迷鹿吐司堡,美味
tnp6,安家小麵館,美味
to8f,頂番牛肉麵(秀水店),美味
toh1,橋下深夜美食,服務
toni,千葉廣東粥,美味
tosr,玖貳玖牛羊肉拉麵,環境
tpa6,四季香約鍋物,美味
tpm5,CoCo都可 (新竹湳雅店),環境
tq2p,雙饗鍋 (新竹中華店),美味
tq3g,米香園,美味
tr3e,美麗春天早午餐 · 精力湯果汁,環境
trbr,888雞善之家 (彰化三民店),美味
trwg,鹿稻綠豆沙牛奶,環境
tshv,売LO-SO小餐館,環境
tswp,臺灣鹿港の子,環境
tszb,玉饒簡餐健康餐,美味
ttal,小珝活力早餐店,服務
tu2h,小南雞排便當,服務
tu64,潮味決．湯滷專門店 (彰化中興分社),美味
tubn,1113暖心小館,環境
tvc3,Over the moon café & laundry,美味
twmm,蛋蛋早午餐製造所,環境
tx94,唯心素食,美味
txet,赤二,環境
txey,雙醬咖哩 (新竹北門店),環境
ty7q,善德素食麵館,美味
ty7v,井九天茶火鍋,環境
tyhm,小時厚牛排 (彰化旭光店),環境
tylv,阿英爌肉飯,美味
tyxm,小森日茶,環境
tz84,竹園鴨莊,服務
tzt5,柒食7 健康飯盒 (彰化和美店),美味
tzyy,米朵鬆餅,美味
u03q,炊牛王牛肉麵專賣店,環境
u045,專蜀味覺麻辣滷 (新竹北門總店),美味
u0io,天天美早餐店 (新竹中華店),環境
u0w9,貞貞麻辣涼麵關東煮,美味
u108,林阿嬤紅茶冰,環境
u16u,拿督麻辣臭豆腐 (彰化華山店),美味
u1mu,今品手工湯包,環境
u1ot,台灣塩酥雞,環境
u1qh,小雞大雞排 (彰化溪州店),美味
u1qm,日拾鹽酥雞專賣,環境
u1x5,祖哥披薩,環境
u24d,夏夏叫綠豆沙專賣店,環境
u2vn,丸太舍。頂級烏龍麵專賣,服務
u2zs,禾楓便當,環境
u3ki,尚大鼎小火鍋,美味
u3pv,尚讚焢肉飯,美味
u4ap,津泉茶飲專賣店,美味
u4iv,古傳紅茶冰大葉總店,環境
u4ze,老巫麵線糊,服務
u5d8,大塊先生美式炸雞 (彰化二林店),美味
u5ij,周鮮魚湯.魯肉飯 (彰化溪湖店),美味
u6o6,香香火雞肉飯,服務
u6pe,小芳河粉,美味
u6pn,好享麵,美味
u6sn,大娘土魠魚羹 (彰化北斗店),服務
u6wj,焱鬼鍋燒專門店 (嘉義店),環境
u71b,光復路臭豆腐,美味
u7tw,街頭G吧鹽水雞,服務
u7wb,武 素食水煎包,美味
u80e,晨間廚房 (新竹振興店),環境
u8fc,日食咖啡小館,環境
u8rz,就是烤肉飯,美味
u8tm,心緣素食麵,美味
u8ws,矮子咖哩カレーライス專門店,服務
u9pc,豆哥dog手作雞蛋糕,美味
u9vf,大廟口串烤 (彰化社頭店),環境
ua4h,發記燉品屋,服務
ua7j,新台越美食,美味
ua7m,DoDo早餐店,環境
uad2,包果 (彰化員林店),服務
uam8,瑞克斯咖啡 (彰化社頭店),美味
uaow,水林隆贏碳烤地瓜(嘉義本店),美味
ub68,老木木綠豆沙專賣店,美味
ubhg,魯辣辣 (彰化大村店),美味
uc7w,顏太煮奶茶 (新竹寶山店),環境
uczn,卡早起晨,環境
ud7q,在義起義大利麵,美味
udr2,鄧肉圓 (彰化溪湖店),環境
ueha,享初好食,環境
ugfl,玩火燒肉,環境
ujay,丸亀製麵 (彰化家樂福店),環境
ujee,湯城鵝行,環境
uk5m,饕客食堂,美味
uk72,立將牛肉麵,美味
ukw9,吉惡咖啡,環境
ul0g,文湯武醬 (彰化溪湖店),美味
ul36,鑫丼食堂,服務
um2t,串串食光缽缽雞冒菜,環境
um4o,日常與菜,環境
umds,老香雞湯燒 (彰化中正店),服務
un5j,中央羊肉,服務
ung0,BELLA貝拉甜品專賣 (彰化永靖店),美味
unw3,牛太郎燒肉丼飯,環境
uny0,鬼匠拉麵 (彰化鹿港店),服務
uoak,清原芋圓 (嘉義中興店),服務
up3u,半月燒 (彰化二林店),美味
up62,東市楊桃冰,環境
upg4,HAO舒肥健康餐,美味
uph0,啵啦地瓜球,環境
uql0,真饌鐵板燒,環境
uqq7,一心牛排,服務
utdb,古早味蚵仔麵線(北榮83),美味
uuz7,酒攤海產熱炒,服務
uvlz,達叔古早味蛋餅,環境
uvrf,PATIO 帕堤歐 (新竹民生店),環境
uwfd,波里手作早午餐 (嘉義民生店),環境
uwi9,回味鹽酥雞（中正店）,環境
uy60,翰林茶館 (新竹大遠百店),服務
uytj,楊素食麵,美味
uzfc,Super麵,服務
v0ct,品豐海鮮總匯快炒,環境
v0iq,深尋Brunch,服務
v0tj,草本茶 (新竹中正店),服務
v0u2,南媽媽涼麵,服務
v119,梟 炒麵麵包,美味
v1bk,大小輪牛肉麵,環境
v1cf,東東水煎包、水餃、鍋貼,服務
v1dx,小銅板,環境
v1gx,車站肉焿麵,環境
v23x,植茶製所,環境
v2dp,芭芭食堂,環境
v2q1,早安公雞 (新竹經國店),服務
v2uj,橡園咖啡 (嘉義新榮店),環境
v34x,賞口拉麵,美味
v3a1,柳可可LIUCOCO,環境
v3au,京軒素食 (彰化和美總店),環境
v3dh,塩燒,美味
v3gl,樂豆先生 (嘉義蘭井店),美味
v3sm,洪家肉焿 (創始店),美味
v4cb,活力頂草早午餐,服務
v4gv,木木食分想念蔬食,環境
v4km,溪湖潤餅素食專賣店,美味
v4nd,維尼早午餐,服務
v4sk,武鍋物 (北斗店),環境
v4t9,添冰手炒黑糖剉冰,服務
v563,不要對我尖叫 (嘉義文化店),環境
v564,逢甲鮮肉串,服務
v5ie,老爹韓式料理,服務
v5mh,愛戀日不落咖啡 (彰化和美店),服務
v5mk,高雄周燒肉飯 (嘉義垂楊店),服務
v5qg,蕃茄村 (溪湖大發店),服務
v5sd,禪悅素坊,美味
v6bl,在地魯肉飯,環境
v6hl,日光遇早點,環境
v6io,馬叔叔涮涮鍋,環境
v6l9,懷鄉排骨酥麵 (新竹南大店),環境
v7bq,土豆園爌肉飯,美味
v7gn,黑沃咖啡 (北斗中山店),環境
v7hs,千千燒煎餃,環境
v7nx,呂記小籠湯包（北斗店）,服務
v7qd,供腸老闆,美味
v7xs,聞香下馬美食館,美味
v8bx,Hot豆素食Pizza,美味
v8sd,愛兒悅義式餐廳,環境
v8yl,吮指王 (田中中南店),環境
v920,秀呷店宵夜,環境
v98l,胖胖的鍋燒店,美味
v9ck,阿一快炒,服務
v9dx,好棒棒薯條 (嘉義吳鳳店),美味
v9nl,ONE BOX,美味
v9wz,九慕手烘咖啡專門店,環境
vaga,劉肉圓 (彰化大葉店),服務
vao3,香榭料理廚房,環境
vb4s,狂人大灶腳,美味
vbd3,燒肉ROCK (彰化鹿港店),環境
vche,Mr.Cow烤大爺 (彰化店),環境
vcld,樸素齋坊 (嘉義林森店),服務
vd3t,瑪町,美味
vd4b,佳香麵線糊 臭豆腐 冷泡茶,美味
vdah,剛剛好麵舖,服務
ved1,好豆味叭噗豆花,服務
vef4,俗蔥油餅,美味
vfdm,庫洛瑪,環境
vg0e,心狠首辣 (新竹林森店),美味
vgll,夢柯越南料理,美味
vi6s,咖哩家族 (彰化溪湖店),服務
vinb,錢都 (新竹光復店),服務
vjsi,白日夢pasta,環境
vk93,吃霸快餐便當,環境
vkzp,新理米粉湯,美味
vmr4,十丈波紅茶 (彰化埔心店),美味
vn3t,賣呔哋厚切香酥雞排,美味
vnvo,豐色宴小籠湯包,服務
vnwn,浮生咖啡,環境
vnyp,喝啥呢,服務
vo2o,享來初,環境
vomd,稻荷壽司(嘉義中山店),環境
vorc,月見町拉麵 (彰化員林店),環境
vpe4,早安山丘 (彰化溪湖店),服務
vpeo,炸雞小勇,環境
vpuw,阿宏師涼麵嘉義雞肉飯 (新竹清大光復店),美味
vqs3,品媗351 串烤  雞排,美味
vqtw,饗嗑鍋精緻鍋物 (新竹清大店),環境
vqw4,斜角古早味綿綿冰,環境
vr21,石一籠 (彰化中正店),服務
vr26,南大老吃雞鹽水雞,美味
vrr5,活跳跳泰國蝦,美味
vsir,阿美燉露爌肉飯,美味
vsru,圈圈鬆餅,服務
vt7g,御賜湯品屋,服務
vtkq,香港大來燒臘 (新竹金山店),環境
vtzc,武林茶 (新竹西大店),環境
vuy6,吉鮮火鍋,環境
vv1u,13番地生乳脆皮甜甜圈,美味
vv78,滿座 烏龍麵所,環境
vvmz,大葉東山鴨頭,美味
vvw4,蒸の湯包(韭菜盒子),環境
vwwc,菁心料理,美味
vy4t,野村日式燒肉 (嘉義店),環境
vyon,美嬌娘刈包 (彰化員林店),美味
vysg,泰鼎豆花營,環境
vzbl,橘品,美味
vzmu,麻辣大腸麵線 (新竹西大店),服務
vzxm,彬食事屋,環境
w094,甲霸鍋燒,環境
w21l,寶達港式茶餐廳 (愛買新竹店),環境
w3p4,延平街沙威瑪,服務
w3s7,晨安蛋餅,美味
w53i,靜好食堂,環境
w5o2,寓葉 咖喱專賣,環境
w90g,朝氣美濃 (員林大同店),美味
waa6,克蔓莉咖啡館 新竹站前館 K.memory Cafe’,環境
wams,典食陳金-炸物食堂,環境
wanl,漫曼泰式厚奶茶專賣,服務
wat2,鼎味薑母鴨 (彰化員林店),服務
waue,饗鮮鍋物,環境
wc03,獸囍蔬食,環境
wcgg,鄉椿私房料理,環境
wclp,寶島麵線站 (新竹竹光店),服務
wd1x,黑丸嫩仙草 (嘉義四維店),服務
wdfq,岩植厚吐司,美味
wfkv,朵安可DORANK,美味
wfsd,六扇門 (社頭員集店),環境
wftr,九品小火鍋,環境
wgml,蛋白盒子健康低卡餐盒 (彰化和美店),環境
wgog,Go!來找餐,環境
wgqq,大聖烤食餐盒,美味
wgzy,成都老鍋牛肉麵,環境
whi9,王爺宮後米苔目,環境
wi5m,可以饌台南牛肉湯,美味
wip6,串鮮燒烤,美味
witd,炸職人 (彰化秀水店),美味
wje6,TZ炭早早午餐,環境
wjlq,有利脆皮豬 (嘉義文化店),美味
wk1b,小巴飯糰 Bachan Onigiri,環境
wk41,安安美式炸雞,美味
wl7g,行漉飲茶,美味
wlrv,湯師父美味鍋24H (嘉義民族店),環境
wlve,Frozen Heart 凍心炸冰淇淋 (嘉義文化路店),服務
wlxw,爭鮮迴轉壽司 (新竹愛買店),服務
wm4c,麗佳銅鑼燒,美味
wm9o,Over the moon璽月咖啡（北大館）,環境
wmu9,大廟口燒烤 (彰化市旗艦店),環境
woby,有利脆皮豬 (彰化中正店),美味
wock,菜桃滷味,美味
woeb,天后水產,環境
woix,孫東寶 (新竹民生店),服務
wp3b,方程式早午餐,環境
wphw,檜町火雞肉飯,環境
wplo,吉祥鐵板燒,服務
wql7,吳員外紅茶冰,美味
wqom,吳記排骨酥 (嘉義林森店),服務
wr0t,妙味美食店,服務
wr5z,三和快炒店,服務
wr6y,你的香腸掉了 (大腸包小腸),美味
wrrh,黃師傅手工火烤披薩,美味
wry7,回香麻辣燙,美味
wrym,饗回味新竹建功店,服務
wsld,烏弄 (新竹巨城店),環境
wupz,誠石火鍋 (彰化二林店),服務
wvsc,鄭家雲林養生粥,環境
ww8x,玉祥水菓坊,美味
wwub,紅鬼雞排 (彰化彰興店),美味
wxj7,士林夜市臭豆腐,服務
wxni,安董桶仔雞,美味
wxos,塊樂炸雞咖哩飯光華店,服務
wz84,老宅豆花 嫩仙草,環境
wzwl,呆瓜拌麵,美味
x040,國王的菜,環境
x0fm,知三素香麵線,環境
x0jc,客家本色 (彰化員林店),環境
x0ok,飛翔的魚美式餐廳,環境
x0ps,吳家魷魚焿,美味
x1jp,黑丸嫩仙草 (彰化北斗店),服務
x1m3,佶立現打果汁,美味
x25h,饗食開丼 (新竹中華店),美味
x27b,古早味鹹水雞,美味
x2ie,恐龍日式拉麵,美味
x33u,佬台南鍋燒意麵 (嘉義民生南店),美味
x3c6,享味壽司,美味
x3cq,奕-手作定食,美味
x3fa,在路上,美味
x3fl,yummy私房料理,環境
x3kj,麥飯樂,服務
x4hb,七盞茶 (新竹西大店),環境
x4hp,八方雲集 (嘉義民族店),環境
x4mv,阿寬鵝肉,美味
x4ye,王祖羊肉羹,美味
x5gy,好味香羊肉羹,環境
x5lk,簡約早午餐,美味
x6jr,森米雞蛋仔,美味
x6le,鹿兒角手作私茶 (彰化鹿港店),環境
x6rw,杯子社 (嘉義成仁店),環境
x6sa,山間日辰早午餐,環境
x7ct,啦噗啦噗の麵,美味
x7ou,巷口飯糰 (嘉義東區店),美味
x7sn,八家醬鍋爆,美味
x7x6,飽足感,美味
x88p,築間幸福鍋物 (嘉義忠孝店),環境
x8fw,超桔杯飲料店,服務
x8gv,懶羊羊LAZY YANG,環境
x8hd,林娘炸醬麵,服務
x8pe,竺軒 黑砂糖刨冰店,服務
x8td,合家香魯軟骨飯,環境
x9ce,麻吉早午餐,服務
x9ia,春井小吃店,服務
x9lv,社頭可樂爸爸 (社頭店),美味
x9mk,小米可腸粉記,美味
x9tu,妙香園素食,美味
x9wv,1010湘 (新竹關新店),環境
x9yj,廣城美現烤手工蛋糕,服務
xaa1,白巷子 (彰化永靖店),服務
xbmn,合作網路休閒美食館,環境
xbn3,四信豆奶攤,美味
xbz3,墨醬章魚燒 (嘉義民族店),美味
xd4b,九野和日式麻辣鴛鴦鍋 (嘉義中興店),服務
xd7w,木耳森林 (嘉義國華店),環境
xde3,彩碗 ColorBowl Poke (員林靜修店),環境
xdg8,三媽臭臭鍋 (新竹光華東店),服務
xk39,圈圈微森 (新竹清大店),服務
xkbu,幸運茶森,服務
xktw,碳烤大王,美味
xlh8,優米海苔飯捲,美味
xlyf,阿根早點 (香山大庄店),服務
xlzk,覓坊 義大利麵  輕食,環境
xmit,錢城食堂,美味
xmsz,南臺灣土魠魚羹 (彰化中正店),美味
xmyh,曾家純蔗糖 (彰化和美店),服務
xn3z,二爺的店-夯串燒,美味
xo9z,林品抓餅蛋餅早午餐,環境
xon5,禾豐海鮮粥 (彰化彰工店),美味
xool,小松平價現炒,服務
xp8x,十二韻 (員林中正店),環境
xpdp,香港明煌燒臘快餐 (彰化師大店),環境
xq4g,麵食足,美味
xq8b,金大捲海苔飯捲 (彰化南郭店),服務
xqlm,Chakiya 親愛的韓式炸雞 (彰化田尾店),美味
xqxu,茶米湯 (嘉義民權店),環境
xr5k,花壇羊肉和美店,服務
xrqr,深海深美食 (彰化田尾店),服務
xrrv,地瓜球大叔,美味
xrzl,清心福全 (新竹學府店),服務
xs9y,唯斯,環境
xsc7,大鼎包子饅頭專賣店 (彰化和美店),美味
xsn3,享聚食堂,美味
xsqi,瑪爾大牛肉麵,美味
xtj5,雁歸_雞湯拉麵,環境
xtlw,吳記台南小吃,環境
xuhe,一杯果汁,美味
xujs,耿記鍋燒麵,美味
xuye,世紀鮮果子,環境
xvq3,蔡媽媽鍋燒麵,美味
xw56,米撰雞腿壩王 (彰化中正店),服務
xwqg,Subí coffee&bakery,環境
xwrf,傳家牛排館,環境
xx6t,屋外關東煮 (新竹食品店),環境
xyqd,胖哥雞排 (彰化大村店),美味
xywu,唐伯滷香町,服務
xyx8,南台灣土魠魚羹 (嘉義民生店),美味
xzop,有滋有味鹽水雞,美味
y0bx,東來炒羊肉,美味
y0gd,熊川牛肉麵,環境
y0kl,竹蓮鴨肉麵,環境
y0qd,東門米粉攤,環境
y0tv,翟九 (新竹創始店),環境
y0vh,就是愛壽司,服務
y141,滷鼎滷味,美味
y1cd,湯食主義 (新竹民族店),環境
y1fc,滷底撈 (新竹南大店),服務
y1k3,東天宮阿宏臭豆腐,美味
y1lm,八祡鍋、湯、煲,環境
y1mg,花沺日式料理,服務
y1qm,T.N Burger鐵男漢堡 (和平店),環境
y1rm,雲頂炒飯王國,環境
y1so,赫曼咖啡,環境
y1ti,Burger King 漢堡王 (新竹忠孝店),服務
y1ue,咖咖屋啦啦,服務
y1vk,艾昇小館EISEN BISTRO,環境
y25x,林厝煎餃,美味
y2cx,美味特調鹽水雞 (新竹總店),美味
y2gk,SUBWAY (新竹建新店),服務
y2h9,果拾夢享,美味
y2kk,囍羊羊手作茶坊,服務
y2no,味味鴨肉麵,服務
y2sy,文粥粥,服務
y2uc,創義食族,服務
y3le,伊村燒肉飯,美味
y3vg,鬍鬚張魯肉飯 (新竹北大店),服務
y3xp,迷客夏 Milksha (新竹建功店),服務
y3yd,金連滷肉飯,服務
y3zq,小媽咪早餐坊,環境
y4ah,郭燒麵,環境
y4mm,榮師傅麵食館,環境
y4sp,東北麵食館,環境
y4sz,軒邑快餐,服務
y4tw,飯飯蔬食製研所,環境
y4wd,珍記米粉湯 (新竹民權店),環境
y5be,林記刈包小吃,服務
y5ha,森巴披薩店 (新竹北新店),環境
y5i6,禾庄定食餐盒,美味
y5lc,新龍興蛋糕 (新竹南大店),美味
y5os,角落食堂鹽水雞,美味
y5ty,中山道日式定食,環境
y5uc,饗嗑鍋 鍋物、烏龍,環境
y6ac,幸福郭子餐坊,環境
y6ki,金飯糰,美味
y6oi,百源雞排,美味
y6rh,巷弄田園,環境
y6yq,創義小火鍋,環境
y7em,李媽媽筒仔米糕,服務
y7lu,康青龍 (新竹食品店),服務
y7qd,MORIES茉莉絲義思廚房,環境
y7rh,西米露之家,美味
y82c,黛黛茶DailyDae (新竹金山店),服務
y87k,于味坊,美味
y8dl,點點心 (新竹店),環境
y8in,棒球場炒飯（蓁媽）,美味
y8jy,TABLE JOE 喬桌子廚房,環境
y8os,清香清香粄條,服務
y9ef,黃天津溫體牛羊肉,美味
y9oj,八號食堂,環境
y9rl,夏日鍋物,服務
y9x2,三采田美味廚坊,環境
yatm,品安豆花-咖啡,環境
yb1k,盒悅健康餐盒,美味
yccw,微笑咖哩 (嘉義店),服務
ycmd,南海茶道 (嘉義林森店),服務
ydv6,沁-皮革文創咖啡（chin coffee),環境
ye5r,南寮華鹽酥雞 (新竹南大店),美味
yf7k,大貴黑糖剉冰,美味
yfa1,鹿港肉焿泉,服務
yfpl,東門素食,環境
ygc4,(文)豬心冬粉,美味
ygoi,靖芹享食,環境
ygq0,丘森茶室 (新竹竹科店),服務
yh4s,豬好運原汁豬腳湯,環境
yidp,食光食堂,環境
yj1m,王廚活力廚房,美味
ylgf,彭家屯牛肉館,美味
ym41,糊三家,美味
ym6g,莎麒早餐店,美味
ynru,巷仔內粉漿蛋餅,美味
yoj5,浮水印大眾牛排館,環境
yot5,宮本武丼 (彰化中山店),環境
yq7f,K8拉麵 (彰化中山店),環境
yqbc,迎食流咖哩 (新竹北門店),美味
yrr2,圓夢食堂,美味
yti4,來碗拉麵 (嘉義垂楊店),環境
ytw0,可可黑白炒,美味
yuf8,聚友莊,環境
yv91,柒壹麻辣鴨血,美味
yvck,藝鍋物 (彰化二林店),環境
ywod,餅不甜咖啡,美味
yxbb,五猿豚燒飯,環境
yxgp,真正滷加熱滷味麵飯館,美味
yxku,竹源現炒,服務
yym8,有囍事沙拉。鮮茶。貓,環境
yzu1,老街口 茶飲鮮果汁 (彰化鹿港總店),美味
z09e,宴御煙燻鴨,美味
z0cb,待轉取啃原汁炸雞,環境
z0cf,西門彰化肉圓,美味
z0ew,蟹將軍炸物專賣店 (彰化曉陽店),服務
z0fz,舊時光新鮮事-老屋咖哩專賣,環境
z0gt,紅豬呷火鍋,美味
z0hi,手匠拉麵,環境
z0i8,幸福山丘,環境
z0ib,嘉義品安豆漿豆花,環境
z0id,吉野家 Yoshinoya (新竹林森店),服務
z0jm,Page6 義式廚房,環境
z0jx,果本堂 (嘉義仁愛總店),美味
z0lj,NU PASTA (彰化中正店),環境
z0no,吳記大腸蚵仔麵線 (彰化彰師店),美味
z0py,2 petits coffee珈琲人,環境
z0qp,阿力香雞排 (新竹東門店),服務
z0qw,PA PA PASTA (彰化彰南店),環境
z0so,津鍋 (新竹建功店),服務
z0tg,福砌阿華什錦麵,環境
z0ur,火焰鳥小火鍋,服務
z0vk,O House老窩廚房,環境
z0wh,樂在飲事所,環境
z0wv,霞米糕 (嘉義南京路老店),美味
z0yl,我媽的水餃,美味
z14q,小芯辣麻辣鴨血臭豆腐,美味
z19d,劉妹鍋燒意麵 (彰化秀水店),美味
z1au,活力鹽水雞,服務
z1bi,we pizzeria義式餐廳,環境
z1bs,璽子牛肉麵 (新竹香山店),環境
z1df,港泰複合式快炒,服務
z1do,John手作蔬食,環境
z1fn,川上小火鍋,環境
z1fz,佳有炒飯●炒泡麵,美味
z1hj,友愛米糕,美味
z1ih,泰瑞茶飲,環境
z1lc,漢林鐵板燒 (彰化三民店),服務
z1lq,兔兔Pasta義式料理,美味
z1lu,那家咖啡館,環境
z1oz,樂野牛排,環境
z1qb,小伍妹麻辣涼麵,服務
z1rv,井澤拉麵,服務
z1sn,竹光大粉粿,美味
z1ti,幸福Timing茶飲專賣 (嘉義友竹店),服務
z1tu,小麵店,環境
z1uq,瘋雞鹽酥雞2.0,服務
z1vo,強尼手作廚房,環境
z1wm,阿城號米粉,服務
z1x2,游麵館 (新竹中央店),環境
z1xe,川牛木石亭 (嘉義店),環境
z1yh,鹿角巷 (新竹巨城店),服務
z1yk,喜樂韓式料理,環境
z2dz,茶湯會 (嘉義文化店),服務
z2ei,魯肉腳滷味,美味
z2eu,九湯屋日式拉麵 (嘉義光彩店),環境
z2hb,西門町牛肉粥 (新竹光復店),服務
z2jw,東門國小無名炸蛋蔥油餅,美味
z2ky,嘉義霸王沙鍋魚頭,服務
z2kz,鮮茶道 (竹科金山店),服務
z2lg,大思鄉臭臭鍋,服務
z2lu,維亞歐式早餐 (彰化建國店),服務
z2mf,豬血王子,環境
z2oj,百花窯 (新竹北大店),服務
z2py,阿沙勾夯早午餐,美味
z2r2,月見町拉麵 (嘉義東義店),服務
z2sl,阿典師簡速餐,環境
z2uc,米卡鮮乳飲 (嘉義民族店),美味
z2vm,那間 鹽酥雞,美味
z2xa,康師傅自助餐館,服務
z2yq,大甲黑石頭碳烤玉米 (新竹中山店),美味
z2zp,銀河冰果室,環境
z32l,明爐燒臘 (馬偕店),服務
z3bz,手在比薩,環境
z3cc,綠茶坊 (嘉義文化店),服務
z3cj,PAPPA䁔心粥麵,環境
z3gg,燃 手串,環境
z3go,桃城幸福紅豆餅,服務
z3hj,魚刺人雞蛋糕 (嘉義店),環境
z3iw,龍承綠豆沙牛奶,環境
z3ja,阿桃素食鹽酥雞,服務
z3jl,一茶工房 (嘉義垂楊店),服務
z3od,樂邁炒飯,服務
z3qw,陸柒零年代飲品創始店 (彰化鹿港總行),環境
z3s2,chiao車輪餅,美味
z3sn,觀文化路鹽酥雞,環境
z3sy,La Coma Caf'e＆Brunch,環境
z3tc,川牛木石亭 (新竹北門店),環境
z3tg,南北第七家 (彰化南郭店),美味
z3wh,大滷俠台式麻辣燙(嘉義店),美味
z3xm,酸奶小哞牛 (新竹南大店),環境
z3yu,sokoso手勾手咖啡館,環境
z4bg,清心緣食坊,環境
z4ci,五木咖啡 Five woods,環境
z4co,得百豆全豆漿,美味
z4es,裕新嘉義火雞肉飯 (彰化中山店),服務
z4fm,尋鹿咖啡 (彰化永安店),環境
z4im,小妞魯味 (新生店),服務
z4kc,冏爸紅茶冰,美味
z4kx,紅紅脆皮雞蛋糕,美味
z4lh,阿東麵線,環境
z4lk,晨禾手作烘焙,美味
z4nr,Pizza Hut必勝客 (嘉義中興店),服務
z4qp,妙膳素食館,美味
z4rg,五路鍋聖 (彰化員林店),服務
z4ri,小街咖啡,環境
z4se,晨光堡,美味
z4ss,二丫頭麻辣涼麵,環境
z4tf,渴嚐,美味
z4uo,北港老孫羊肉 (嘉義軍輝店),美味
z4wa,太子麵食館,美味
z4wb,Jimmy滿漢堡,服務
z4xt,傻師傅湯包(嘉義博愛店),美味
z5ac,麻丹辣麻辣滷味 (新竹店),服務
z5bz,檸檬樹鮮打果汁吧,美味
z5ei,港城豆花 (彰化彰美店),服務
z5fc,阿凱原汁牛肉麵,服務
z5md,小丸煮 (嘉義店),環境
z5mh,大眾牛肉麵 (彰化彰美店),美味
z5oj,NU PASTA (新竹光華店),服務
z5on,一路烤無煙串燒 (彰化員林店),美味
z5ov,大苑子 (嘉義仁愛店),服務
z5qu,二奶巷星馬叻沙,環境
z5ry,細鳳果茶,環境
z5sg,嘉義明木滿月油飯,美味
z5uw,白鬍子-奶蓋職人,服務
z5vg,Kiss 起士馬鈴薯,美味
z5vs,品香排骨,服務
z5xe,頂級日式海苔飯捲,環境
z6cs,職人雙饗丼 (彰化南郭店),美味
z6db,早點來Carry,服務
z6gf,大鼎鍋,美味
z6ht,品宗厚蛋燒,美味
z6hv,Pizza Hut必勝客 (新竹香山店),服務
z6mp,鮮鼎食鍋 (嘉義總店),美味
z6nt,鶴之屋咖哩,環境
z6nz,旺香小火鍋,美味
z6sp,純情專売所-純情雞蛋糕,服務
z6tt,捲捲麵,環境
z6xh,義早早午餐 (新竹建功店),環境
z70y,台灣阿美魯肉飯 (阿爸ㄟ店),美味
z7ap,合品炒飯,環境
z7ar,林家粉圓 (嘉義民生北店),美味
z7bo,滿味堡 (新竹湳雅店),服務
z7cg,方濟各牛排屋,服務
z7dl,高關紅豆餅 (嘉義家樂福),美味
z7do,裕民牛肉麵,美味
z7fy,新生蔬食小館,服務
z7fz,胡媽媽豆花,環境
z7kc,行運8兩雞雞排(嘉義中山店),美味
z7mz,隨義X義麵,服務
z7oi,Pizza Fat 三輪餐車,服務
z7ox,榆蓉會館,環境
z7pk,花樂食堂,環境
z7pn,台北麻將麻辣臭豆腐鴨血 (嘉義店) 老牌石頭小火鍋 (友愛店),環境
z7q5,阿郎鍋燒麵,美味
z7si,華園牛排,服務
z7wm,21PLUS、21風味館 (新竹巨城門市),服務
z7xo,統香鹹酥雞,服務
z7ya,川上精緻鍋物,環境
z7yi,雞仔恐龍蛋 #雞蛋仔,美味
z7zo,IRON Restaurant,環境
z8ac,薏蓮坊 (嘉義吳鳳店),美味
z8ae,高記油飯、涼麵、現煮雞湯,美味
z8al,嘉義基隆廟口鹹酥雞,環境
z8ar,85度C (新竹光復店),美味
z8be,丹鵬便當,美味
z8cv,中華小籠包,服務
z8dd,雞本鹹酥雞,美味
z8el,鰭酒藏日式料理,環境
z8fr,右舍咖啡,環境
z8gm,潘肉圓,美味
z8gn,圓帥現炸雞翅,服務
z8ic,馬家莊眷村私廚料理,美味
z8jl,花赤鳥檸,美味
z8k5,滷憶食堂,環境
z8kj,職人双饗丼 (嘉義重慶店),環境
z8nm,自家用料理食堂,環境
z8ph,響咖哩鐵板,環境
z8sb,Origin Cafe,環境
z8sr,啾C鮮果汁,美味
z8to,大苑子 (新竹中正店),服務
z8uc,文化路炒三杯,環境
z8ve,燒等幾勒碳烤,美味
z8we,沁涼飲,服務
z8z9,H•CAFE,環境
z9aq,彭記小籠包,服務
z9em,醉財神複合式餐飲,環境
z9ey,一手私藏世界紅茶 (彰化和平店),環境
z9hv,餡滿堂（原浩餃子）,環境
z9io,澄香居蔬食滷味,美味
z9kf,幸福味 (彰化伸港店),環境
z9oj,大埔豐原排骨酥麵,美味
z9oo,原南門圓環香菇肉羹臭豆腐,美味
z9sa,蔡家手作包子饅頭,環境
z9vb,凡人居,環境
z9wu,新冰味 100%新鮮水果冰,環境
z9zv,小老闆甜品店,環境
z9zz,自由先生雞排炸物,服務
zacz,皇品羊肉爐泰國蝦綜合料理,服務
zam9,金豐便當,服務
zatk,北斗第一家(許) 竹軒高麗菜飯,美味
zbae,Repeak營養調理餐盒,美味
zbok,樂食沛,環境
zc1b,滿大碗 (彰化自強店),服務
zc4g,芳鄰牛肉麵,美味
zclw,功夫炒飯 (彰化溪湖店),美味
zcmq,勝食府炒飯,美味
zcrg,杰客雞炸食 (鹿港頂番店),服務
zctk,快樂茶 Happy Tea,美味
zdgd,東池飯包(彰化永靖店),服務
ze2t,溱頌什錦麵,美味
zeew,川醉湘滷味食堂,美味
zfa9,MyTeaRoom15 正宗印度拉茶,環境
zi9u,胖姨複合式廚房,環境
zimu,阿海的店,服務
zixv,哥寶哈妮 (彰美店),環境
zj6u,莫尼Morni (彰化線西店),環境
zje6,義特意式餐坊,服務
zje7,捌貳麵食堂 (彰化師大店),環境
zjtb,溫州王 (大餛飩.香辣麵),環境
zjys,烤串日常,美味
zkga,66義式燒烤手扒雞,服務
zkgw,阿福牛排 (嘉義忠孝店),環境
zkyx,強記燒臘便當店,服務
zlne,早安美芝城 (永靖活力西門店),環境
zlvd,姥爺私廚房,環境
zmav,好功夫港式燒臘快餐 (嘉義店),服務
zn1f,明仁二代目章魚燒(嘉義店),環境
zo3r,凡爾賽西餐廳,環境
zp3y,三幕 Tarpu タープ,環境
zpo7,明記肉圓,環境
zpq4,華圓池上飯包 (彰化曉陽店),服務
zqef,滷願以嚐,美味
zqoj,水源燒肉飯 (彰化伸港店),美味
zqxi,八棧雞湯 (嘉義仁愛店),服務
zrvk,喇雞鹹水雞 (新竹中正店),環境
zscv,昌平炸雞王 (嘉義民生南店),服務
zttk,海尚屋,服務
ztzh,野藤島咖哩 (新竹埔頂店),美味
zu6u,珍緣素食,服務
zub0,漫步藍咖啡 (彰化田中店),環境
zucq,苑子油飯,美味
zun0,幸糊麵線,美味
zuoi,麥味登 (嘉義南京店),環境
zupq,肉米夾蛋,環境
zuwe,碗上見麵 (新竹大成店),環境
zwzl,潮麻吉 (彰化實踐店),服務
zx04,苙尹Liyin,環境
zxf6,凃爸爸冰店,美味
zybo,歐霸韓味餐車,美味
zz2l,饅窩心上海脆皮烤饅頭,美味
zz5a,豚將日本拉麵 (彰化員林店),環境
zz81,品笙牛肉麵食館,環境
